repo name,organization name,language,npmjs package name,npmjs downloads last year,npmjs last published,npmjs used by,npmjs uses,github dependents,github contributors,repo url,last edit date
MultiplatformFrameworks,unfoldingWord-box3,TypeScript,,,,,,,mandolyte,https://github.com/unfoldingWord-box3/MultiplatformFrameworks,2025-12-03T19:52:51Z
wordMAP-mt,unfoldingWord-box3,TypeScript,wordmap-mt,,,,"wordmap, wordmap-lexer",,"da1nerd, yakob-aleksandrovich",https://github.com/unfoldingWord-box3/wordMAP-mt,2025-11-03T19:05:31Z
tact,unfoldingWord-box3,JavaScript,tact,,,,,"graymoonlight/CRBank, magistrigusti/Dominum_DOM, singhyash05/BitTonica, jubbslineu/contract-test","klappy, yakob-aleksandrovich",https://github.com/unfoldingWord-box3/tact,2025-11-03T19:01:10Z
checking-extension,unfoldingWord-box3,TypeScript,checking-extension,,,,"bible-reference-range, string-punctuation-tokenizer, tc-source-content-updater, tsv-groupdata-parser, usfm-js, uw-tsv-parser",kintsoogi/translation-notes-extension,"PhotoNomad0, kintsoogi",https://github.com/unfoldingWord-box3/checking-extension,2025-10-16T15:12:53Z
translation-helps,unfoldingWord-box3,JavaScript,translation-helps,,,,usfm-js,,"klappy, yakob-aleksandrovich",https://github.com/unfoldingWord-box3/translation-helps,2025-10-02T14:12:21Z
tq-app,unfoldingWord-box3,TypeScript,qa-app,,,,usfm-js,,abelpz,https://github.com/unfoldingWord-box3/tq-app,2025-07-30T15:49:01Z
passage-recorder-app,unfoldingWord-box3,TypeScript,scripture-simple-recorder,,,,,,abelpz,https://github.com/unfoldingWord-box3/passage-recorder-app,2025-06-11T16:03:07Z
simple-text-editor-rcl,unfoldingWord-box3,JavaScript,simple-text-editor-rcl,3852.0,2022-06-09T23:15:38.322Z,simple-text-editor-app,@unfoldingword/eslint-config,"md-jishan-ansari/Editors, RUN-Collaborations/translatable, klappy/scripture-puzzle-game-poc","klappy, RUN-Projects",https://github.com/unfoldingWord-box3/simple-text-editor-rcl,2025-06-06T21:09:14Z
desktop-app-liminal,unfoldingWord-box3,JavaScript,pankosmia-app-builder,,,,,,"RUN-Projects, mvahowe, PhotoNomad0, yakob-aleksandrovich",https://github.com/unfoldingWord-box3/desktop-app-liminal,2025-05-14T14:59:15Z
checking-app-theia,unfoldingWord-box3,TypeScript,,,,,,,PhotoNomad0,https://github.com/unfoldingWord-box3/checking-app-theia,2025-03-20T20:08:52Z
theia-examples,unfoldingWord-box3,TypeScript,,,,,,,PhotoNomad0,https://github.com/unfoldingWord-box3/theia-examples,2025-01-22T21:00:21Z
codex-sb-handler,unfoldingWord-box3,TypeScript,sb-handler-sample,,,,,,larsgson,https://github.com/unfoldingWord-box3/codex-sb-handler,2024-12-03T13:57:40Z
uw-proskomma,unfoldingWord-box3,JavaScript,uw-proskomma,2241.0,2022-07-13T12:06:56.761Z,"proskomma-scripture-resources-rcl, epitelete-html",,"Proskomma/proskomma-legacy-projects, unfoldingWord/gateway-translate, DanielC-N/ptxaligner, Proskomma/proskomma-json-tools, unfoldingWord/epitelete-html, Proskomma/epitelete, Proskomma/diegesis-apollo-sandbox, Proskomma/proskomma-render-pdf, Proskomma/diegesis-server","mvahowe, mandolyte, jag3773, richmahn",https://github.com/unfoldingWord-box3/uw-proskomma,2024-10-10T15:27:53Z
mini-sb-handler,unfoldingWord-box3,JavaScript,,,,,,,larsgson,https://github.com/unfoldingWord-box3/mini-sb-handler,2024-09-12T09:53:19Z
Simplify,unfoldingWord-box3,JavaScript,,,,,,,bspidel,https://github.com/unfoldingWord-box3/Simplify,2024-08-15T20:16:40Z
beta-bibel-demo,unfoldingWord-box3,JavaScript,beta-bibel-wiki,,,,epitelete-html,,larsgson,https://github.com/unfoldingWord-box3/beta-bibel-demo,2024-08-08T16:43:06Z
obs-audio-navigation,unfoldingWord-box3,JavaScript,obs-audio-navigation,,,,,,larsgson,https://github.com/unfoldingWord-box3/obs-audio-navigation,2024-07-05T11:13:09Z
gl-database-visualizations,unfoldingWord-box3,JavaScript,,,,,,,"binu-alexander, jag3773",https://github.com/unfoldingWord-box3/gl-database-visualizations,2024-06-27T04:38:16Z
obs-study,unfoldingWord-box3,JavaScript,,,,,,idiomaspuentes/obs-study,"abelpz, eliaspinero, ilich valbuena, Jordani77, larsgson",https://github.com/unfoldingWord-box3/obs-study,2024-06-20T09:34:41Z
audio-obs-navigator,unfoldingWord-box3,TypeScript,audio-obs-navigator,,,,,,"kintsoogi, blm, bspidel",https://github.com/unfoldingWord-box3/audio-obs-navigator,2024-03-05T18:54:24Z
RecordVoice,unfoldingWord-box3,TypeScript,record-voice,,,,,,blm,https://github.com/unfoldingWord-box3/RecordVoice,2024-03-05T16:10:13Z
audio-quiz,unfoldingWord-box3,JavaScript,door43-preview-app,,,,,,larsgson,https://github.com/unfoldingWord-box3/audio-quiz,2024-02-28T16:05:13Z
VscUsfmEditAlign,unfoldingWord-box3,TypeScript,usfmeditor,,,,,JEdward7777/VsCodeUsfmAligner,"Joshua Lansford, PhotoNomad0, blm",https://github.com/unfoldingWord-box3/VscUsfmEditAlign,2024-02-15T14:03:06Z
VscOceUsfmEdit,unfoldingWord-box3,TypeScript,oce-usfm-editor,,,,,unfoldingWord-box3/VscUsfmEditAlign,"Joshua Lansford, larsgson, PhotoNomad0, blm",https://github.com/unfoldingWord-box3/VscOceUsfmEdit,2024-02-02T13:45:00Z
word-aligner-extension,unfoldingWord-box3,JavaScript,word-aligner-react-vite,,,,,,PhotoNomad0,https://github.com/unfoldingWord-box3/word-aligner-extension,2024-01-08T23:29:10Z
bible-preview-app,unfoldingWord-box3,JavaScript,bible-preview-app,,,,"bible-reference-rcl, dcs-js",,"richmahn, mandolyte",https://github.com/unfoldingWord-box3/bible-preview-app,2023-08-01T17:31:54Z
translate-markdown-poc,unfoldingWord-box3,JavaScript,translate-markdown,,,,,,klappy,https://github.com/unfoldingWord-box3/translate-markdown-poc,2023-05-20T15:31:34Z
dcs-login,unfoldingWord-box3,JavaScript,dcs-login,,,,dcs-js,,mandolyte,https://github.com/unfoldingWord-box3/dcs-login,2023-04-04T15:43:56Z
react-library-starter,unfoldingWord-box3,JavaScript,my-lib,,,,,abelpz/react-library,abelpz,https://github.com/unfoldingWord-box3/react-library-starter,2023-02-16T14:47:55Z
alignment-playground,unfoldingWord-box3,JavaScript,alignment-playground,,,,"bible-reference-range, tc-ui-toolkit, usfm-js, word-aligner, wordmap-lexer",PhotoNomad0/alignment-playground,PhotoNomad0,https://github.com/unfoldingWord-box3/alignment-playground,2023-01-30T13:00:02Z
dcs-file-version-diff-tool,unfoldingWord-box3,JavaScript,dcs-file-version-diff-tool,,,,,,"klappy, danielklapp, jincypjose",https://github.com/unfoldingWord-box3/dcs-file-version-diff-tool,2022-08-20T00:16:31Z
wordmap-react-toolkit,unfoldingWord-box3,TypeScript,wordmap-react-toolkit,216.0,2019-11-07T08:13:01.981Z,,"wordmap, wordmap-lexer",,da1nerd,https://github.com/unfoldingWord-box3/wordmap-react-toolkit,2022-06-17T15:47:04Z
next-js-template,unfoldingWord-box3,JavaScript,next-js-template,,,,"gitea-react-toolkit, markdown-translatable, resource-workspace-rcl, scripture-resources-rcl, single-scripture-rcl, tc-ui-toolkit, translation-helps-rcl, word-aligner",,"mandolyte, superdav42, mannycolon, abelpz",https://github.com/unfoldingWord-box3/next-js-template,2022-06-17T15:46:29Z
translation-helps-print-preview,unfoldingWord-box3,JavaScript,,,,,,,"klappy, abelpz, richmahn, birchamp",https://github.com/unfoldingWord-box3/translation-helps-print-preview,2022-06-17T15:46:05Z
hello-world-react-component-library,unfoldingWord-box3,JavaScript,hello-world-react-component-library,159.0,2019-09-25T16:00:59.747Z,,,,"klappy, RoyalSix, Sterling (Jay) Scott",https://github.com/unfoldingWord-box3/hello-world-react-component-library,2022-06-14T15:18:39Z
resource-container-rcl,unfoldingWord-box3,JavaScript,resource-container-rcl,,,,"gitea-react-toolkit, markdown-translatable",,richmahn,https://github.com/unfoldingWord-box3/resource-container-rcl,2022-06-14T15:16:49Z
door43-preview-rcl,unfoldingWord-box3,JavaScript,pdf-generator-rcl,,,,"gitea-react-toolkit, markdown-translatable, scripture-resources-rcl",,richmahn,https://github.com/unfoldingWord-box3/door43-preview-rcl,2022-06-14T15:16:13Z
proskomma-scripture-resources-rcl,unfoldingWord-box3,JavaScript,proskomma-scripture-resources-rcl,,,,uw-proskomma,,"mvahowe, mannycolon",https://github.com/unfoldingWord-box3/proskomma-scripture-resources-rcl,2022-06-14T15:15:43Z
alignment-editor-rcl,unfoldingWord-box3,TypeScript,alignment-editor-rcl,,,anchor-alignment-poc,,gbin-org/alignment-editor-rcl,"themikejr, ancientTexts-net",https://github.com/unfoldingWord-box3/alignment-editor-rcl,2022-06-14T15:15:26Z
hello-dcs-react-component-library,unfoldingWord-box3,JavaScript,hello-dcs-react-component-library,,,,"gitea-react-toolkit, markdown-translatable",,"richmahn, dependabot[bot], yakob-aleksandrovich",https://github.com/unfoldingWord-box3/hello-dcs-react-component-library,2022-06-14T15:15:13Z
gutenberg-project,unfoldingWord-box3,JavaScript,obs-pdf-poc,,,,markdown-translatable,,"klappy, richmahn",https://github.com/unfoldingWord-box3/gutenberg-project,2022-03-01T21:05:23Z
md-converter-app,unfoldingWord-box3,JavaScript,md-tsv-converter-app,,,,"gitea-react-toolkit, markdown-translatable",,"mannycolon, PhotoNomad0, ImgBotApp",https://github.com/unfoldingWord-box3/md-converter-app,2021-12-20T19:28:57Z
tc-create-poc,unfoldingWord-box3,JavaScript,tc-create-app,48.0,2022-02-22T21:12:10.659Z,,"datatable-translatable, gitea-react-toolkit, markdown-translatable, scripture-resources-rcl, usfm-js, uw-content-validation, @unfoldingword/eslint-config",unfoldingWord/tc-create-app,"ancientTexts-net, RoyalSix, klappy, dependabot[bot], mandolyte, Sterling (Jay) Scott, actions-user, dependabot-preview[bot], jag3773, PhotoNomad0, birchamp",https://github.com/unfoldingWord-box3/tc-create-poc,2021-12-03T15:55:03Z
simple-text-editor-app,unfoldingWord-box3,JavaScript,simple-text-editor-app,,,,simple-text-editor-rcl,,"klappy, RUN-Projects",https://github.com/unfoldingWord-box3/simple-text-editor-app,2021-11-29T20:26:55Z
gateway-edit-POC,unfoldingWord-box3,JavaScript,gateway-edit,,,,"bible-reference-rcl, gitea-react-toolkit, markdown-translatable, resource-workspace-rcl, scripture-resources-rcl, single-scripture-rcl, tc-ui-toolkit, translation-helps-rcl, word-aligner",,"PhotoNomad0, mannycolon, Joel-C-Johnson, jincypjose",https://github.com/unfoldingWord-box3/gateway-edit-POC,2021-11-22T13:29:05Z
obs-pdf-poc,unfoldingWord-box3,JavaScript,obs-pdf-poc,,,,markdown-translatable,,"klappy, richmahn",https://github.com/unfoldingWord-box3/obs-pdf-poc,2021-11-03T19:29:18Z
anchor-alignment-poc,unfoldingWord-box3,JavaScript,anchor-alignment-poc,,,,"alignment-editor-rcl, bible-reference-rcl, gitea-react-toolkit, string-punctuation-tokenizer",,"ancientTexts-net, klappy, themikejr",https://github.com/unfoldingWord-box3/anchor-alignment-poc,2021-08-09T17:50:41Z
graphql-catalog-next,unfoldingWord-box3,JavaScript,,,,,,,"mannycolon, kavitharaju, abelpz",https://github.com/unfoldingWord-box3/graphql-catalog-next,2021-06-08T15:35:23Z
content-validation-app,unfoldingWord-box3,JavaScript,content-validation-app,164.0,2020-09-16T21:52:51.640Z,,uw-content-validation,,"PhotoNomad0, mandolyte",https://github.com/unfoldingWord-box3/content-validation-app,2021-03-29T11:54:10Z
admin-app,unfoldingWord-box3,JavaScript,admin-app,,,,"gitea-react-toolkit, translation-helps-rcl, resource-workspace-rcl",,mandolyte,https://github.com/unfoldingWord-box3/admin-app,2021-03-12T02:03:10Z
admin-app-old,unfoldingWord-box3,JavaScript,create-app,,,,"bible-reference-rcl, gitea-react-toolkit, markdown-translatable, resource-workspace-rcl, scripture-resources-rcl, single-scripture-rcl, translation-helps-rcl",unfoldingWord/gateway-edit,"mannycolon, PhotoNomad0, mandolyte",https://github.com/unfoldingWord-box3/admin-app-old,2021-03-10T14:25:09Z
greek-apparatus-app,unfoldingWord-box3,JavaScript,greek-apparatus-app,54.0,2020-12-11T16:05:46.321Z,,"bible-reference-rcl, datatable-translatable, gitea-react-toolkit, scripture-resources-rcl, string-punctuation-tokenizer, usfm-js",,"richmahn, mannycolon, ancientTexts-net",https://github.com/unfoldingWord-box3/greek-apparatus-app,2021-02-11T13:51:27Z
book-package-viewer-poc,unfoldingWord-box3,JavaScript,book-package-viewer-poc,,,,"gitea-react-toolkit, markdown-translatable, scripture-resources-rcl",,klappy,https://github.com/unfoldingWord-box3/book-package-viewer-poc,2020-10-21T20:48:29Z
pdf-generator,unfoldingWord-box3,JavaScript,pdf-generator,,,,"scripture-resources-rcl, string-punctuation-tokenizer, tc-source-content-updater, tsv-groupdata-parser, usfm-js",,richmahn,https://github.com/unfoldingWord-box3/pdf-generator,2020-10-09T16:44:02Z
gitea-offline-poc,unfoldingWord-box3,JavaScript,gitea-offline-poc,,,,"gitea-react-toolkit, @unfoldingword/eslint-config, markdown-translatable",,klappy,https://github.com/unfoldingWord-box3/gitea-offline-poc,2020-08-12T19:36:13Z
sample-react-component-library,unfoldingWord-box3,JavaScript,sample-react-component-library,,,,,,mannycolon,https://github.com/unfoldingWord-box3/sample-react-component-library,2020-07-28T16:44:37Z
scripture-as-graph,unfoldingWord-box3,JavaScript,scripture-as-graph,,,,usfm-js,,"mvahowe, jag3773",https://github.com/unfoldingWord-box3/scripture-as-graph,2020-07-22T12:31:12Z
lang-as-graph,unfoldingWord-box3,JavaScript,language-database-poc,,,,,,"ivanmhale, jag3773",https://github.com/unfoldingWord-box3/lang-as-graph,2020-07-21T13:00:12Z
uw-metadata-react-component-library,unfoldingWord-box3,JavaScript,scripture-burrito-react-jsonschema-form,,,,"gitea-react-toolkit, markdown-translatable",,richmahn,https://github.com/unfoldingWord-box3/uw-metadata-react-component-library,2020-05-07T19:30:12Z
react-to-electron-action,unfoldingWord-box3,JavaScript,react-to-electron-action,,,,,"unfoldingWord/book-package-app, mandolyte/rrouter","mandolyte, dependabot[bot]",https://github.com/unfoldingWord-box3/react-to-electron-action,2020-05-06T12:37:30Z
translation-manager-poc,unfoldingWord-box3,JavaScript,translation-manager-react-component-library,,,,,,bspidel,https://github.com/unfoldingWord-box3/translation-manager-poc,2020-01-28T22:33:45Z
tsv-editor,unfoldingWord-box3,JavaScript,tsv-editor,,,,markdown-translatable,,klappy,https://github.com/unfoldingWord-box3/tsv-editor,2019-04-10T00:14:01Z
translation-process,unfoldingWord-box3,JavaScript,translation-process,,,,,,klappy,https://github.com/unfoldingWord-box3/translation-process,2019-03-22T14:32:18Z
door43-preview-app,unfoldingWord,JavaScript,door43-preview-app,,,,"bible-reference-rcl, usfm-alignment-remover, usfm-js, uw-quote-helpers, word-aligner-rcl",,"richmahn, larsgson, PhotoNomad0",https://github.com/unfoldingWord/door43-preview-app,2026-05-15T11:50:32Z
bp-assistant-skills,unfoldingWord,JavaScript,cskillbp-prompt-over-code,,,,usfm-js,,"BW Bot, deferredreward, benjamin-test, Nightly Issue Bot, stephenwunrow",https://github.com/unfoldingWord/bp-assistant-skills,2026-05-14T22:38:35Z
bp-assistant,unfoldingWord,JavaScript,zulip-bot,,,,usfm-js,,"benjamin-test, deferredreward, stephenwunrow, bp-assistant bot",https://github.com/unfoldingWord/bp-assistant,2026-05-14T22:38:27Z
bt-servant-telegram-gateway,unfoldingWord,TypeScript,bt-servant-telegram-gateway,,,,,DenisArger/bt-servant-telegram-gateway,"DenisArger, IanLindsley, claude",https://github.com/unfoldingWord/bt-servant-telegram-gateway,2026-05-14T16:23:27Z
bt-servant-telemetry,unfoldingWord,TypeScript,bt-servant-telemetry,,,,,,"IanLindsley, claude, ILindsley",https://github.com/unfoldingWord/bt-servant-telemetry,2026-05-14T15:32:27Z
bt-servant-worker,unfoldingWord,TypeScript,bt-servant-worker,,,,,,"claude, IanLindsley, ILindsley, deferredreward",https://github.com/unfoldingWord/bt-servant-worker,2026-05-13T20:18:00Z
bt-servant-admin-portal,unfoldingWord,TypeScript,bt-servant-admin-portal,,,,,,"claude, sethstoll3, IanLindsley, ILindsley, deferredreward",https://github.com/unfoldingWord/bt-servant-admin-portal,2026-05-13T19:48:50Z
tc-create-app,unfoldingWord,JavaScript,tc-create-app,48.0,2022-02-22T21:12:10.659Z,,"bible-reference-range, datatable-translatable, dcs-branch-merger, gitea-react-toolkit, markdown-translatable, scripture-resources-rcl, tc-ui-toolkit, usfm-js, uw-content-validation, uw-languages-rcl, uw-tsv-parser, word-aligner, @unfoldingword/eslint-config",,"ancientTexts-net, klappy, mandolyte, RoyalSix, Joel-C-Johnson, dependabot[bot], jincypjose, abelpz, Sterling (Jay) Scott, actions-user, PhotoNomad0, superdav42, dependabot-preview[bot], larsgson, jag3773, Birch Champeon, theNerd247, richmahn, elsylambert, LijuJacob08, mannycolon, birchamp, eliaspinero, revant.cherian",https://github.com/unfoldingWord/tc-create-app,2026-05-13T18:47:17Z
uw-content-validation,unfoldingWord,JavaScript,uw-content-validation,1834.0,2023-01-11T14:47:58.316Z,"tc-create-app, content-validation-app, gateway-admin, catalog-next-toolkit",usfm-js,"unfoldingWord/gateway-admin, unfoldingWord/tc-create-app","RobH123, mandolyte, PhotoNomad0, richmahn, dependabot[bot], jag3773, ancientTexts-net",https://github.com/unfoldingWord/uw-content-validation,2026-05-12T16:11:32Z
gitea-react-toolkit,unfoldingWord,JavaScript,gitea-react-toolkit,15937.0,2026-05-12T13:15:42.563Z,"next-js-template, resource-container-rcl, pdf-generator-rcl, hello-dcs-react-component-library, md-tsv-converter-app, tc-create-app, gateway-edit, anchor-alignment-poc, admin-app, create-app, greek-apparatus-app, book-package-viewer-poc, gitea-offline-poc, scripture-burrito-react-jsonschema-form, single-scripture-rcl, translation-helps-rcl, scripture-resources-rcl, gateway-admin, resource-workspace-rcl, resource-checker","markdown-translatable, @unfoldingword/eslint-config","unfoldingWord/single-scripture-rcl, unfoldingWord/translation-helps-rcl, unfoldingWord/gateway-edit, larsgson/d43-preview, unfoldingWord/oce-oak-edit, unfoldingWord/oce-oak-render, bible-technology/scribe-scripture-editor, vipinpaul/autographa, unfoldingWord/word-aligner-rcl, unfoldingWord/gateway-translate, unfoldingWord-box3/translation-helps-print-preview, texttree/filter-translation-words-rcl, hiscoder-com/timeline-poc, unfoldingWord/gateway-admin, Ashersam/Autographa2.0-AutoUpdate, unfoldingWord-box3/greek-apparatus-app, friendsofagape/autographa, unfoldingWord-box3/gitea-offline-poc, unfoldingWord-box3/resource-container-rcl, unfoldingWord/uw-content-validation, bible-technology/scripture-burrito-rcl, unfoldingWord-box3/uw-metadata-react-component-library, unfoldingWord-box3/hello-dcs-react-component-library, unfoldingWord/scripture-resources-rcl, unfoldingWord/tc-create-app","klappy, RoyalSix, ancientTexts-net, mannycolon, actions-user, PhotoNomad0, mandolyte, Sterling (Jay) Scott, superdav42, Joel-C-Johnson, jincypjose, kintsoogi, richmahn, rady-ben",https://github.com/unfoldingWord/gitea-react-toolkit,2026-05-12T13:17:57Z
bt-servant-web-client,unfoldingWord,TypeScript,bt-servant-web-client,,,,,,"ILindsley, IanLindsley, claude",https://github.com/unfoldingWord/bt-servant-web-client,2026-05-12T05:52:39Z
gateway-edit,unfoldingWord,JavaScript,gateway-edit,,,,"bible-reference-rcl, enhanced-word-aligner-rcl, gitea-react-toolkit, markdown-translatable, resource-workspace-rcl, scripture-resources-rcl, scripture-tsv, single-scripture-rcl, tc-ui-toolkit, translation-helps-rcl, word-aligner, word-aligner-rcl",,"PhotoNomad0, mannycolon, kintsoogi, abelpz, Joel-C-Johnson, richmahn, theNerd247, benjamin-test, jincypjose, larsgson, mandolyte, claude, elsylambert",https://github.com/unfoldingWord/gateway-edit,2026-05-11T20:47:56Z
tc-study,unfoldingWord,TypeScript,bt-synergy-monorepo,,,,,,abelpz,https://github.com/unfoldingWord/tc-study,2026-05-11T19:02:48Z
fred-zulip-bot-worker,unfoldingWord,TypeScript,fred-zulip-bot-worker,,,,,,"IanLindsley, ILindsley",https://github.com/unfoldingWord/fred-zulip-bot-worker,2026-05-09T16:01:43Z
translation-helps-mcp,unfoldingWord,TypeScript,translation-helps-mcp,,,,,klappy/translation-helps-mcp,"klappy, Automation, abelpz, cursoragent",https://github.com/unfoldingWord/translation-helps-mcp,2026-05-05T16:33:48Z
obs-app,unfoldingWord,TypeScript,obs-app,,,,,,"abelpz, eliaspinero",https://github.com/unfoldingWord/obs-app,2026-05-05T15:16:31Z
bt-servant-whatsapp-gateway,unfoldingWord,TypeScript,bt-servant-whatsapp-gateway,,,,,,"ILindsley, IanLindsley, claude",https://github.com/unfoldingWord/bt-servant-whatsapp-gateway,2026-04-30T15:09:54Z
baruch,unfoldingWord,TypeScript,baruch,,,,,,"IanLindsley, ILindsley, claude",https://github.com/unfoldingWord/baruch,2026-04-20T22:22:05Z
single-scripture-rcl,unfoldingWord,TypeScript,single-scripture-rcl,9267.0,2026-04-16T17:29:58.529Z,"next-js-template, gateway-edit, create-app, gateway-admin","@unfoldingword/eslint-config, bible-reference-range, gitea-react-toolkit, scripture-resources-rcl, tc-ui-toolkit, translation-helps-rcl, usfm-js, uw-quote-helpers, word-aligner, word-aligner-rcl","unfoldingWord/gateway-edit, unfoldingWord/gateway-translate, unfoldingWord/gateway-admin","PhotoNomad0, kintsoogi, mannycolon, Joel-C-Johnson, jincypjose, abelpz, RoyalSix, theNerd247, Sterling (Jay) Scott, richmahn",https://github.com/unfoldingWord/single-scripture-rcl,2026-04-16T17:24:46Z
orthography-app-BE,unfoldingWord,JavaScript,orthoapp_poc,,,,,,"yakob-aleksandrovich, Stephen0272",https://github.com/unfoldingWord/orthography-app-BE,2026-04-16T08:07:38Z
tsv-twl-creation-app,unfoldingWord,JavaScript,tsv-twl-creation-app,,,,"tsv-quote-converters, twl-generator, usfm-js",,richmahn,https://github.com/unfoldingWord/tsv-twl-creation-app,2026-04-12T12:21:52Z
tsv-quote-converters,unfoldingWord,JavaScript,tsv-quote-converters,,,"tsv-twl-creation-app, twl-generator, tsv7-tn-cleanup-app, add-gl-quotes-to-tsv-files",string-punctuation-tokenizer,"unfoldingWord/node-cli-add-gl-quotes-to-tsv-files, unfoldingWord/tsv7-tn-cleanup-app",richmahn,https://github.com/unfoldingWord/tsv-quote-converters,2026-04-12T12:12:37Z
node-twl-generator,unfoldingWord,JavaScript,twl-generator,5138.0,2026-04-09T20:31:44.832Z,tsv-twl-creation-app,"tsv-quote-converters, usfm-alignment-remover",,richmahn,https://github.com/unfoldingWord/node-twl-generator,2026-04-09T20:31:43Z
translation-helps-rcl,unfoldingWord,JavaScript,translation-helps-rcl,13730.0,2026-03-27T22:01:47.002Z,"next-js-template, gateway-edit, admin-app, create-app, single-scripture-rcl, bsa, gateway-admin, gateway-translate, uw-editor, resource-workspace-rcl","bible-reference-range, dcs-branch-merger, gitea-react-toolkit, markdown-translatable, scripture-resources-rcl, tc-ui-toolkit, word-aligner","unfoldingWord/obt, unfoldingWord/single-scripture-rcl, unfoldingWord/gateway-edit, larsgson/d43-preview, unfoldingWord/oce-oak-edit, unfoldingWord/oce-oak-render, bible-technology/scribe-scripture-editor, vipinpaul/autographa, unfoldingWord/oce-editor-tools, unfoldingWord/uw-editor, unfoldingWord/gateway-translate, unfoldingWord-box3/translation-helps-print-preview, texttree/filter-translation-words-rcl, hiscoder-com/timeline-poc, unfoldingWord/gateway-admin, Ashersam/Autographa2.0-AutoUpdate, gbin-org/alignment-editor-rcl-poc, friendsofagape/autographa, hiscoder-com/obt","mannycolon, PhotoNomad0, kintsoogi, superdav42, larsgson, abelpz, jincypjose, theNerd247, Joel-C-Johnson, richmahn, klappy, RoyalSix, mandolyte",https://github.com/unfoldingWord/translation-helps-rcl,2026-03-27T22:00:59Z
dcs-branch-merger,unfoldingWord,JavaScript,dcs-branch-merger,3246.0,2026-03-27T21:57:39.012Z,"tc-create-app, translation-helps-rcl, gateway-admin",dcs-js,"unfoldingWord/single-scripture-rcl, unfoldingWord/translation-helps-rcl, unfoldingWord/gateway-edit, bible-technology/scribe-scripture-editor, unfoldingWord/tc-create-app, unfoldingWord/gateway-translate, friendsofagape/autographa, vipinpaul/autographa, unfoldingWord/gateway-admin","mandolyte, richmahn, theNerd247, PhotoNomad0",https://github.com/unfoldingWord/dcs-branch-merger,2026-03-27T21:56:46Z
enhanced-word-aligner-rcl,unfoldingWord,TypeScript,enhanced-word-aligner-rcl,23441.0,2026-03-24T14:38:54.315Z,gateway-edit,"bible-reference-range, uw-wordmapbooster, @unfoldingword/eslint-config, usfm-js, word-aligner-rcl",unfoldingWord/gateway-edit,PhotoNomad0,https://github.com/unfoldingWord/enhanced-word-aligner-rcl,2026-03-24T14:39:30Z
scripture-resources-rcl,unfoldingWord,JavaScript,scripture-resources-rcl,14415.0,2026-03-19T13:24:25.124Z,"next-js-template, pdf-generator-rcl, tc-create-app, gateway-edit, create-app, greek-apparatus-app, book-package-viewer-poc, pdf-generator, single-scripture-rcl, translation-helps-rcl, bsa, gateway-admin, gateway-translate, resource-workspace-rcl, resource-checker","bible-reference-range, gitea-react-toolkit, markdown-translatable, string-punctuation-tokenizer, tc-ui-toolkit, usfm-js, uw-quote-helpers, word-aligner, @unfoldingword/eslint-config","unfoldingWord/obt, unfoldingWord/single-scripture-rcl, unfoldingWord/translation-helps-rcl, unfoldingWord/gateway-edit, larsgson/d43-preview, unfoldingWord/oce-oak-edit, unfoldingWord/oce-oak-render, bible-technology/scribe-scripture-editor, vipinpaul/autographa, unfoldingWord/word-aligner-rcl, unfoldingWord/gateway-translate, unfoldingWord-box3/translation-helps-print-preview, texttree/filter-translation-words-rcl, hiscoder-com/timeline-poc, friendsofagape/autographa, unfoldingWord/gateway-admin, hiscoder-com/obt, unfoldingWord-box3/greek-apparatus-app, unfoldingWord/uw-content-validation, unfoldingWord/tc-create-app","klappy, ancientTexts-net, PhotoNomad0, RoyalSix, mandolyte, mannycolon, larsgson, Joel-C-Johnson, abelpz, jincypjose, Sterling (Jay) Scott, superdav42, actions-user, dependabot[bot], Christopher Klapp, richmahn, kintsoogi",https://github.com/unfoldingWord/scripture-resources-rcl,2026-03-19T13:23:28Z
word-aligner-rcl,unfoldingWord,JavaScript,word-aligner-rcl,15055.0,2026-03-19T13:16:17.575Z,"door43-preview-app, gateway-edit, single-scripture-rcl, enhanced-word-aligner-rcl, @oce-editor-tools/pk-aligner","bible-reference-range, string-punctuation-tokenizer, usfm-js, word-aligner, word-aligner-lib, wordmap, wordmap-lexer, uw-tsv-parser","unfoldingWord/single-scripture-rcl, unfoldingWord/gateway-edit, unfoldingWord/door43-preview-app, unfoldingWord-box3/word-aligner-extension, unfoldingWord/oce-editor-tools","PhotoNomad0, Joshua Lansford, jincypjose",https://github.com/unfoldingWord/word-aligner-rcl,2026-03-19T13:15:19Z
obt,unfoldingWord,JavaScript,bsa,,,,"bible-reference-rcl, resource-workspace-rcl, scripture-resources-rcl, tc-ui-toolkit, translation-helps-rcl, word-aligner",hiscoder-com/obt,"foxprogs, Valyukhov, Vorobushec, Pavel064, Birch Champeon, dimanya, abelpz, ancientTexts-net, birchamp, DenisArger, gecraft",https://github.com/unfoldingWord/obt,2026-03-18T14:39:46Z
door43.org,unfoldingWord,JavaScript,door43.org,,,,,,"richmahn, jag3773, RobH123, PhotoNomad0, Phil Hopper, codemis, Richard Mahn, phillip-hopper, dependabot[bot], yakob-aleksandrovich, bspidel, ethantkoenig, dependabot-preview[bot]",https://github.com/unfoldingWord/door43.org,2026-03-15T03:14:46Z
fia-mcp,unfoldingWord,TypeScript,fia-mcp,,,,,,"ILindsley, IanLindsley",https://github.com/unfoldingWord/fia-mcp,2026-03-11T19:28:18Z
uw-quote-helpers,unfoldingWord,JavaScript,uw-quote-helpers,2769.0,2025-01-17T14:55:12.819Z,"door43-preview-app, single-scripture-rcl, scripture-resources-rcl","bible-reference-range, string-punctuation-tokenizer, tsv-groupdata-parser, usfm-js, uw-bible-parser","unfoldingWord/single-scripture-rcl, unfoldingWord/translation-helps-rcl, unfoldingWord/gateway-edit, unfoldingWord/door43-preview-app, larsgson/d43-preview, unfoldingWord/oce-oak-edit, unfoldingWord/oce-oak-render, unfoldingWord/gateway-translate, Valyukhov/gl_quote-to-orig_quote, Valyukhov/tsv_GLQuote_to_OrigQuote, unfoldingWord/tc-create-app, unfoldingWord/scripture-resources-rcl, unfoldingWord/tx-job-handler","abelpz, PhotoNomad0, richmahn, Mookth789",https://github.com/unfoldingWord/uw-quote-helpers,2026-03-10T00:05:55Z
wordmapbooster,unfoldingWord,TypeScript,uw-wordmapbooster,,,enhanced-word-aligner-rcl,"usfm-js, wordmap, wordmap-lexer",JEdward7777/wordmapbooster,"Joshua Lansford, PhotoNomad0",https://github.com/unfoldingWord/wordmapbooster,2026-03-09T13:39:14Z
datatable-translatable,unfoldingWord,JavaScript,datatable-translatable,3166.0,2026-02-02T16:12:05.648Z,"tc-create-app, greek-apparatus-app","markdown-translatable, @unfoldingword/eslint-config","Bridgeconn/tc-create-offline, RevantCI/uw-lab, unfoldingWord-box3/greek-apparatus-app, unfoldingWord/tc-create-app","ancientTexts-net, mandolyte, Joel-C-Johnson, klappy, RoyalSix, superdav42, jincypjose, abelpz, Sterling (Jay) Scott, dependabot[bot], Dave, eliaspinero",https://github.com/unfoldingWord/datatable-translatable,2026-03-04T13:45:00Z
door43-preview-renderers,unfoldingWord,JavaScript,door43-preview-renderers,,,,"usfm-alignment-remover, usfm-js",,richmahn,https://github.com/unfoldingWord/door43-preview-renderers,2026-02-11T16:15:30Z
usfm-alignment-remover-app,unfoldingWord,JavaScript,usfm-alignment-remover,,,"door43-preview-app, twl-generator, door43-preview-renderers",usfm-js,unfoldingWord/door43-preview-app,richmahn,https://github.com/unfoldingWord/usfm-alignment-remover-app,2026-01-21T23:17:11Z
translationCore,unfoldingWord,JavaScript,translationCore,,,,"bible-reference-range, checking-tool-wrapper, gogs-client, selections, string-punctuation-tokenizer, tc-source-content-updater, tc-strings, tc-tool, tc-ui-toolkit, tsv-groupdata-parser, usfm-js, word-aligner, wordmap, wordmap-lexer, electronite",,"mannycolon, PhotoNomad0, da1nerd, RoyalSix, ihoegen, klappy, translationCore Updater, richmahn, Bruce McLean 1, Sterling (Jay) Scott, EllDoubleYew, therealsamf, bspidel, cdwhitfield73, lancelebanoff, EvanWiederspan, loganlebanoff, Gfuen, Richard Mahn, translationCore User, blm, Luke Wilson, Jay Scott, NateRuiz, dependabot-support, vleong2332, jag3773, birchamp, dependabot[bot], yakob-aleksandrovich",https://github.com/unfoldingWord/translationCore,2026-01-06T21:26:25Z
usfm-js,unfoldingWord,JavaScript,usfm-js,,,"checking-extension, translation-helps, qa-app, alignment-playground, tc-create-app, greek-apparatus-app, pdf-generator, scripture-as-graph, door43-preview-app, cskillbp-prompt-over-code, zulip-bot, uw-content-validation, single-scripture-rcl, tsv-twl-creation-app, enhanced-word-aligner-rcl, scripture-resources-rcl, word-aligner-rcl, uw-quote-helpers, uw-wordmapbooster, door43-preview-renderers, usfm-alignment-remover, translationCore, word-aligner-lib, tc-source-content-updater, checking-tool-rcl, word-aligner, wordAlignment, tc-ui-toolkit, checking-tool-wrapper, uw-bible-parser, wordmap-usfm, book-package-rcl, uw-word-count, usfm-js-wrapper, tc_resources, VerseCheck, resource-checker, ScripturePane, @bt-synergy/mobile, tc-study, @bt-synergy/resource-parsers, @bt-synergy/usfm-processor",,"ihoegen/usfm-parser, unfoldingWord/tsv-quote-converters, Asjas/berean-standard-bible, eten-tech-foundation/scripture-editors, FoustAndrew/tc-source-content-updater, FoustAndrew/wordAlignment, FoustAndrew/tc-ui-toolkit, faithcomesbyhearing/sofria-cli, mvh-solutions/juxta-utils, unfoldingWord/single-scripture-rcl, unfoldingWord/translation-helps-rcl, unfoldingWord/gateway-edit, Proskomma/proskomma-core, pankosmia/core-client-content, Bible-Translation-Tools/WordAnalysisTool, psyirius/reverseview, CoderJo-Pro/bible-viewer, pankosmia/core-client-workspace, mvh-solutions/pithekos, unfoldingWord-box3/codex-sb-handler, unfoldingWord/word-aligner-lib, mXaln/word-fixer, vitor-matias/bible-api, Proskomma/perf-render-html-demo, Bishoymly/next-bible, JEdward7777/codex-wordmap, unfoldingWord/usfm-alignment-remover-app, Proskomma/sunalizo, Proskomma/perf-checks, hiscoder-com/level-desktop, hiscoder-com/community-check-app","PhotoNomad0, RoyalSix, mannycolon, klappy, Sterling (Jay) Scott, ihoegen, da1nerd, dependabot-support, richmahn, bspidel",https://github.com/unfoldingWord/usfm-js,2026-01-06T16:10:55Z
word-aligner-lib,unfoldingWord,JavaScript,word-aligner-lib,2614.0,2025-12-16T18:07:08.306Z,"word-aligner-rcl, checking-tool-rcl","string-punctuation-tokenizer, tc-strings, usfm-js, word-aligner, wordmap-lexer, bible-reference-range","unfoldingWord/door43-preview-app, unfoldingWord/gateway-edit, unfoldingWord/single-scripture-rcl, unfoldingWord/word-aligner-rcl",PhotoNomad0,https://github.com/unfoldingWord/word-aligner-lib,2025-12-16T18:01:28Z
tsv7-tn-cleanup-app,unfoldingWord,JavaScript,tsv7-tn-cleanup-app,,,,tsv-quote-converters,,richmahn,https://github.com/unfoldingWord/tsv7-tn-cleanup-app,2025-12-11T23:11:20Z
tsv-groupdata-parser,unfoldingWord,JavaScript,tsv-groupdata-parser,5908.0,2024-10-16T17:43:33.516Z,"checking-extension, pdf-generator, uw-quote-helpers, translationCore, tc-source-content-updater, checking-tool-rcl","bible-reference-range, uw-tsv-parser, string-punctuation-tokenizer","FoustAndrew/tc-source-content-updater, unfoldingWord/single-scripture-rcl, unfoldingWord/translation-helps-rcl, unfoldingWord/gateway-edit, unfoldingWord/door43-preview-app, larsgson/d43-preview, unfoldingWord/oce-oak-edit, unfoldingWord/oce-oak-render, unfoldingWord/gateway-translate, Valyukhov/gl_quote-to-orig_quote, Valyukhov/tsv_GLQuote_to_OrigQuote, unfoldingWord/tc-create-app, unfoldingWord/scripture-resources-rcl, unfoldingWord/uw-quote-helpers, unfoldingWord/tx-job-handler, unfoldingWord/checking-tool-wrapper, unfoldingWord-dev/uw-pdf-conversion-tools, unfoldingWord/translationCore, unfoldingWord/tc-source-content-updater","mannycolon, PhotoNomad0, da1nerd, richmahn, RoyalSix, mandolyte, Sterling (Jay) Scott, yakob-aleksandrovich",https://github.com/unfoldingWord/tsv-groupdata-parser,2025-12-01T15:19:13Z
node-cli-add-gl-quotes-to-tsv-files,unfoldingWord,JavaScript,add-gl-quotes-to-tsv-files,,,,tsv-quote-converters,,richmahn,https://github.com/unfoldingWord/node-cli-add-gl-quotes-to-tsv-files,2025-11-03T22:53:18Z
tc-source-content-updater,unfoldingWord,JavaScript,tc-source-content-updater,7659.0,2025-10-28T18:16:22.466Z,"checking-extension, pdf-generator, translationCore, checking-tool-rcl","string-punctuation-tokenizer, tsv-groupdata-parser, usfm-js","FoustAndrew/wordAlignment, unfoldingWord/tx-job-handler, unfoldingWord/wordAlignment, unfoldingWord/checking-tool-wrapper, unfoldingWord-dev/uw-pdf-conversion-tools, unfoldingWord-dev/tools, unfoldingWord/translationCore","PhotoNomad0, mannycolon, richmahn, RoyalSix, dependabot-support, Sterling (Jay) Scott, da1nerd, bspidel",https://github.com/unfoldingWord/tc-source-content-updater,2025-10-28T18:14:43Z
checking-tool-rcl,unfoldingWord,JavaScript,checking-tool-rcl,5457.0,2025-10-20T15:58:23.259Z,,"bible-reference-range, string-punctuation-tokenizer, tc-strings, usfm-js, uw-tsv-parser, word-aligner, word-aligner-lib, wordmap-lexer, tc-source-content-updater, tsv-groupdata-parser",unfoldingWord/word-aligner-rcl,"PhotoNomad0, jincypjose",https://github.com/unfoldingWord/checking-tool-rcl,2025-10-20T15:57:32Z
unfoldingWord.github.io-old,unfoldingWord,JavaScript,,,,,,,"jag3773, phillip-hopper, Tim, codemis, Jesse A. Griffin, Tim J, benjore, Phil Hopper, root, jesse@unfoldingword.org, timjore, Apache, Richard Mahn, toddlprice, Gogs, russp41",https://github.com/unfoldingWord/unfoldingWord.github.io-old,2025-10-02T14:12:10Z
word-aligner,unfoldingWord,JavaScript,word-aligner,41203.0,2024-08-12T21:12:18.988Z,"alignment-playground, next-js-template, gateway-edit, tc-create-app, single-scripture-rcl, translation-helps-rcl, scripture-resources-rcl, word-aligner-rcl, bsa, translationCore, word-aligner-lib, checking-tool-rcl, gateway-admin, wordAlignment, tc-ui-toolkit, checking-tool-wrapper","string-punctuation-tokenizer, usfm-js","FoustAndrew/wordAlignment, FoustAndrew/tc-ui-toolkit, unfoldingWord/obt, unfoldingWord/single-scripture-rcl, unfoldingWord/translation-helps-rcl, unfoldingWord/gateway-edit, unfoldingWord/word-aligner-lib, JEdward7777/codex-wordmap, JEdward7777/VsCodeUsfmAligner, unfoldingWord-box3/word-aligner-extension, JEdward7777/alignment-transferer, unfoldingWord/door43-preview-app, larsgson/d43-preview, unfoldingWord/oce-oak-edit, unfoldingWord/oce-oak-render, bible-technology/scribe-scripture-editor, unfoldingWord/oce-editor-tools, vipinpaul/autographa, unfoldingWord/word-aligner-rcl, unfoldingWord/gateway-translate, unfoldingWord/tc-create-app, friendsofagape/autographa, unfoldingWord-box3/translation-helps-print-preview, texttree/filter-translation-words-rcl, unfoldingWord/gateway-admin, hiscoder-com/obt, unfoldingWord/scripture-resources-rcl, unfoldingWord/checking-tool-wrapper, unfoldingWord/translationNotes, unfoldingWord/translationWords","PhotoNomad0, mannycolon, RoyalSix, richmahn, dependabot-support, Sterling (Jay) Scott, da1nerd, bspidel",https://github.com/unfoldingWord/word-aligner,2025-09-26T11:17:46Z
door43-preview-server,unfoldingWord,JavaScript,door43-preview-server,,,,,ccjmne/puppeteer-html2pdf,"ccjmne, richmahn, bmestanov, redbaron-gt",https://github.com/unfoldingWord/door43-preview-server,2025-09-09T09:17:22Z
wordMAP,unfoldingWord,TypeScript,wordmap,,,"wordmap-mt, wordmap-react-toolkit, word-aligner-rcl, uw-wordmapbooster, translationCore, wordAlignment",wordmap-lexer,"unfoldingWord/single-scripture-rcl, FoustAndrew/wordAlignment, unfoldingWord/door43-preview-app, unfoldingWord/gateway-edit, unfoldingWord/word-aligner-rcl, JEdward7777/codex-wordmap, JEdward7777/VsCodeUsfmAligner, JEdward7777/alignment-transferer, JEdward7777/boostwordmapwithfs, JEdward7777/wordmapbooster, membean/wordmap, unfoldingWord-box3/wordmap-react-toolkit, unfoldingWord/wordAlignment, unfoldingWord/translationCore","da1nerd, mannycolon, RoyalSix, dependabot-support, PhotoNomad0, klappy, dependabot[bot], bspidel, jag3773, Sterling (Jay) Scott",https://github.com/unfoldingWord/wordMAP,2025-08-25T16:40:45Z
gateway-admin,unfoldingWord,JavaScript,gateway-admin,,,,"dcs-branch-merger, gitea-react-toolkit, markdown-translatable, resource-workspace-rcl, scripture-resources-rcl, single-scripture-rcl, tc-ui-toolkit, translation-helps-rcl, uw-content-validation, uw-tsv-parser, word-aligner",,"mandolyte, superdav42, richmahn, theNerd247, mannycolon, birchamp, abelpz, Joel-C-Johnson, PhotoNomad0",https://github.com/unfoldingWord/gateway-admin,2025-08-19T18:09:19Z
discourse-mermaid,unfoldingWord,JavaScript,,,,,,,"jag3773, rishabhlakhotia, jjaffeux",https://github.com/unfoldingWord/discourse-mermaid,2025-05-13T01:56:41Z
markdown-translatable,unfoldingWord,JavaScript,markdown-translatable,16332.0,2023-03-07T15:00:29.476Z,"next-js-template, resource-container-rcl, pdf-generator-rcl, hello-dcs-react-component-library, obs-pdf-poc, md-tsv-converter-app, tc-create-app, gateway-edit, create-app, book-package-viewer-poc, gitea-offline-poc, scripture-burrito-react-jsonschema-form, tsv-editor, gitea-react-toolkit, translation-helps-rcl, scripture-resources-rcl, datatable-translatable, gateway-admin, resource-workspace-rcl, resource-checker",@unfoldingword/eslint-config,"unfoldingWord/single-scripture-rcl, unfoldingWord/translation-helps-rcl, unfoldingWord/gateway-edit, Bridgeconn/tc-create-offline, RevantCI/uw-lab, larsgson/d43-preview, unfoldingWord/oce-oak-edit, unfoldingWord/oce-oak-render, bible-technology/scribe-scripture-editor, vipinpaul/autographa, unfoldingWord/word-aligner-rcl, unfoldingWord/gateway-translate, unfoldingWord-box3/translation-helps-print-preview, texttree/filter-translation-words-rcl, hiscoder-com/timeline-poc, unfoldingWord/gateway-admin, Ashersam/Autographa2.0-AutoUpdate, unfoldingWord-box3/greek-apparatus-app, unfoldingWord/scripture-resources-rcl, friendsofagape/autographa, unfoldingWord-box3/gitea-offline-poc, unfoldingWord-box3/resource-container-rcl, unfoldingWord/uw-content-validation, bible-technology/scripture-burrito-rcl, unfoldingWord-box3/uw-metadata-react-component-library, unfoldingWord-box3/hello-dcs-react-component-library, unfoldingWord/datatable-translatable, unfoldingWord/tc-create-app, unfoldingWord/gitea-react-toolkit","klappy, ancientTexts-net, RoyalSix, mannycolon, mandolyte, superdav42, Joel-C-Johnson, Sterling (Jay) Scott, jincypjose, dependabot[bot], PhotoNomad0, larsgson",https://github.com/unfoldingWord/markdown-translatable,2025-04-03T14:40:01Z
wordAlignment,unfoldingWord,JavaScript,wordAlignment,,,,"gogs-client, selections, tc-tool, tc-ui-toolkit, usfm-js, word-aligner, wordmap, wordmap-lexer",,"da1nerd, mannycolon, PhotoNomad0, RoyalSix, richmahn, klappy, dependabot-support, Sterling (Jay) Scott, Richard Mahn, bspidel, ImgBotApp",https://github.com/unfoldingWord/wordAlignment,2025-03-24T11:04:25Z
open-languages,unfoldingWord,TypeScript,openlanguages,,,,,,samueljd,https://github.com/unfoldingWord/open-languages,2025-02-06T18:22:44Z
tc-ui-toolkit,unfoldingWord,JavaScript,tc-ui-toolkit,29426.0,2024-12-31T18:53:34.752Z,"alignment-playground, next-js-template, gateway-edit, tc-create-app, single-scripture-rcl, translation-helps-rcl, scripture-resources-rcl, bsa, translationCore, gateway-admin, wordAlignment, checking-tool-wrapper","string-punctuation-tokenizer, word-aligner, usfm-js","FoustAndrew/tc-ui-toolkit, FoustAndrew/wordAlignment, unfoldingWord/obt, unfoldingWord/single-scripture-rcl, unfoldingWord/translation-helps-rcl, unfoldingWord/gateway-edit, larsgson/d43-preview, unfoldingWord/oce-oak-edit, unfoldingWord/oce-oak-render, bible-technology/scribe-scripture-editor, unfoldingWord/oce-editor-tools, vipinpaul/autographa, unfoldingWord/word-aligner-rcl, unfoldingWord/gateway-translate, unfoldingWord/tc-create-app, friendsofagape/autographa, unfoldingWord-box3/translation-helps-print-preview, texttree/filter-translation-words-rcl, unfoldingWord/gateway-admin, hiscoder-com/obt, unfoldingWord/scripture-resources-rcl, unfoldingWord/checking-tool-wrapper, unfoldingWord/translationNotes, unfoldingWord/wordAlignment, unfoldingWord/translationWords, unfoldingWord/translationCore","mannycolon, PhotoNomad0, RoyalSix, da1nerd, richmahn, Sterling (Jay) Scott, bspidel, dependabot-support",https://github.com/unfoldingWord/tc-ui-toolkit,2024-12-31T18:52:44Z
translationWords,unfoldingWord,JavaScript,translationWords,,,,"checking-tool-wrapper, tc-tool",,"mannycolon, da1nerd, RoyalSix, PhotoNomad0, ihoegen, klappy, Sterling (Jay) Scott, cdwhitfield73, richmahn, Richard Mahn, dependabot-support, EllDoubleYew, dependabot[bot], bspidel, ImgBotApp, jag3773",https://github.com/unfoldingWord/translationWords,2024-12-10T20:41:31Z
translationNotes,unfoldingWord,JavaScript,translationNotes,,,,"checking-tool-wrapper, tc-tool",,"mannycolon, da1nerd, ihoegen, RoyalSix, PhotoNomad0, klappy, cdwhitfield73, Sterling (Jay) Scott, EllDoubleYew, dependabot[bot], ImgBotApp, jag3773, richmahn",https://github.com/unfoldingWord/translationNotes,2024-12-10T20:28:05Z
checking-tool-wrapper,unfoldingWord,JavaScript,checking-tool-wrapper,,,"translationCore, translationWords, translationNotes","gogs-client, selections, string-punctuation-tokenizer, tc-tool, tc-ui-toolkit, usfm-js, word-aligner",,"mannycolon, PhotoNomad0, RoyalSix, da1nerd, richmahn, Sterling (Jay) Scott, dependabot[bot]",https://github.com/unfoldingWord/checking-tool-wrapper,2024-12-06T22:02:15Z
dcs-catalog-accordion-rcl,unfoldingWord,JavaScript,dcs-catalog-accordion-rcl,,,,,,richmahn,https://github.com/unfoldingWord/dcs-catalog-accordion-rcl,2024-10-16T18:37:47Z
world-language-map-rcl,unfoldingWord,JavaScript,world-language-map-rcl,102.0,2024-10-13T01:08:01.943Z,,,,richmahn,https://github.com/unfoldingWord/world-language-map-rcl,2024-10-13T01:07:56Z
oce-editor-tools,unfoldingWord,JavaScript,oce-editor-tools,,,,,"larsgson/jnet-bibel-wiki, larsgson/bibel-wiki, larsgson/td-bibel-wiki, larsgson/pe-bibel-wiki, larsgson/in-bibel-wiki, BSB-publishing/csv2usfm, larsgson/plussord-bibel-wiki, larsgson/en-bibel-wiki, unfoldingWord-box3/beta-bibel-demo, RUN-Collaborations/translatable, DenisArger/my-usfm-editor, larsgson/vscode-ext-usfm-editor-webview, unfoldingWord/oce-oak-render, unfoldingWord/gateway-translate, unfoldingWord/oce-oak-edit, unfoldingWord/door43-preview-app","larsgson, abelpz, RUN-Projects, PhotoNomad0, richmahn",https://github.com/unfoldingWord/oce-editor-tools,2024-07-15T12:12:44Z
bible-reference-rcl,unfoldingWord,JavaScript,bible-reference-rcl,4557.0,2024-06-04T12:40:10.075Z,"bible-preview-app, gateway-edit, anchor-alignment-poc, create-app, greek-apparatus-app, door43-preview-app, bsa, scripture-tsv, gateway-translate, @oce-editor-tools/joy-pk, @oce-editor-tools/mui-pk",bible-reference-range,"unfoldingWord/obt, unfoldingWord/gateway-edit, unfoldingWord-box3/obs-audio-navigation, larsgson/obs-picture-navigation, larsgson/bible-picture-navigation, larsgson/bibleviewer-demo, kintsoogi/translation-notes-extension, unfoldingWord/scripture-tsv, unfoldingWord-box3/word-aligner-extension, unfoldingWord/door43-preview-app, unfoldingWord/oce-oak-edit, unfoldingWord/oce-editor-tools, bible-technology/scribe-scripture-editor, vipinpaul/autographa, unfoldingWord/gateway-translate, unfoldingWord-box3/bible-preview-app, texttree/filter-translation-words-rcl, hiscoder-com/obt, Ashersam/Autographa2.0-AutoUpdate, friendsofagape/autographa, unfoldingWord-box3/greek-apparatus-app","PhotoNomad0, mannycolon, foxprogs, Joel-C-Johnson, kintsoogi, richmahn",https://github.com/unfoldingWord/bible-reference-rcl,2024-06-04T12:38:45Z
open-components-hackathon-website,unfoldingWord,TypeScript,virtual-event-starter-kit,,,,,vercel/virtual-event-starter-kit,"mannycolon, chibicode, leerob, goncy, levimykel, fofiu, Deep-Codes, enesakar, erikras, irahopkinson, marionott, matheuss, richmahn, hugefunwoo, lisilinhart",https://github.com/unfoldingWord/open-components-hackathon-website,2024-05-22T10:11:28Z
scripture-tsv,unfoldingWord,TypeScript,scripture-tsv,2441.0,2024-05-02T21:03:03.412Z,gateway-edit,"bible-reference-range, bible-reference-rcl","unfoldingWord/gateway-edit, kintsoogi/translation-notes-extension","kintsoogi, PhotoNomad0",https://github.com/unfoldingWord/scripture-tsv,2024-05-07T12:40:37Z
oce-oak-edit,unfoldingWord,JavaScript,OCE Oak Edit,,,,epitelete-html,,"larsgson, kintsoogi",https://github.com/unfoldingWord/oce-oak-edit,2023-09-18T05:39:45Z
oce-oak-render,unfoldingWord,JavaScript,oce-oak-render,,,,epitelete-html,,"larsgson, PhotoNomad0",https://github.com/unfoldingWord/oce-oak-render,2023-09-13T16:01:45Z
string-punctuation-tokenizer,unfoldingWord,JavaScript,string-punctuation-tokenizer,89623.0,2021-08-25T21:55:46.406Z,"checking-extension, anchor-alignment-poc, greek-apparatus-app, pdf-generator, tsv-quote-converters, scripture-resources-rcl, word-aligner-rcl, uw-quote-helpers, translationCore, word-aligner-lib, tsv-groupdata-parser, tc-source-content-updater, checking-tool-rcl, word-aligner, tc-ui-toolkit, checking-tool-wrapper, string-punctuation-tokenizer, wordmap-lexer, ScripturePane, @oce-editor-tools/pk-aligner","string-punctuation-tokenizer, wordmap-lexer","FoustAndrew/wordAlignment, FoustAndrew/tc-source-content-updater, FoustAndrew/tc-ui-toolkit, unfoldingWord/single-scripture-rcl, unfoldingWord/translation-helps-rcl, unfoldingWord/gateway-edit, unfoldingWord/node-cli-add-gl-quotes-to-tsv-files, unfoldingWord/tsv7-tn-cleanup-app, unfoldingWord/tsv-quote-converters, unfoldingWord/word-aligner-lib, JEdward7777/codex-wordmap, hiscoder-com/level-desktop, DE7AULT/PRL-Restored, JEdward7777/VsCodeUsfmAligner, unfoldingWord-box3/word-aligner-extension, JEdward7777/alignment-transferer, JEdward7777/boostwordmapwithfs, JEdward7777/wordmapbooster, unfoldingWord/door43-preview-app, larsgson/d43-preview, unfoldingWord/oce-oak-edit, unfoldingWord/oce-oak-render, qSharpy/digital-health-assistant, Valyukhov/gl_quote-to-orig_quote, bible-technology/scribe-scripture-editor, Valyukhov/tsv_GLQuote_to_OrigQuote, hiscoder-com/level, hiscoder-com/tn-quote, unfoldingWord/oce-editor-tools, vipinpaul/autographa","mannycolon, klappy, ancientTexts-net, dependabot-support, PhotoNomad0, RoyalSix, da1nerd, richmahn, mandolyte, bspidel, Sterling (Jay) Scott, birchamp",https://github.com/unfoldingWord/string-punctuation-tokenizer,2023-08-09T13:57:50Z
findr,unfoldingWord,TypeScript,findr,,,,,"BSB-publishing/csv2usfm, RUN-Collaborations/translatable, DenisArger/my-usfm-editor, larsgson/vscode-ext-usfm-editor-webview, larsgson/d43-preview, unfoldingWord/oce-oak-edit, unfoldingWord/oce-oak-render, unfoldingWord/gateway-translate, unfoldingWord/oce-editor-tools","abelpz, theNerd247, kintsoogi",https://github.com/unfoldingWord/findr,2023-08-07T13:28:31Z
bible-reference-range,unfoldingWord,JavaScript,bible-reference-range,13259.0,2023-12-07T19:15:35.590Z,"checking-extension, alignment-playground, tc-create-app, single-scripture-rcl, translation-helps-rcl, enhanced-word-aligner-rcl, scripture-resources-rcl, word-aligner-rcl, uw-quote-helpers, translationCore, word-aligner-lib, tsv-groupdata-parser, checking-tool-rcl, bible-reference-rcl, scripture-tsv, uw-bible-parser",,,"Joel-C-Johnson, PhotoNomad0, kintsoogi, jincypjose",https://github.com/unfoldingWord/bible-reference-range,2023-07-19T04:20:40Z
uw-tsv-parser,unfoldingWord,TypeScript,uw-tsv-parser,3810.0,2022-02-02T14:06:17.344Z,"checking-extension, tc-create-app, word-aligner-rcl, tsv-groupdata-parser, checking-tool-rcl, gateway-admin",,"FoustAndrew/tc-source-content-updater, FoustAndrew/wordAlignment, unfoldingWord/word-aligner-rcl, unfoldingWord/single-scripture-rcl, unfoldingWord/translation-helps-rcl, unfoldingWord/gateway-edit, Bridgeconn/tc-create-offline, unfoldingWord/door43-preview-app, larsgson/d43-preview, unfoldingWord/oce-oak-edit, unfoldingWord/oce-oak-render, unfoldingWord/gateway-translate, unfoldingWord/uw-quote-helpers, Valyukhov/gl_quote-to-orig_quote, Valyukhov/tsv_GLQuote_to_OrigQuote, unfoldingWord/scripture-resources-rcl, unfoldingWord/tsv-groupdata-parser, unfoldingWord-box3/translation-helps-print-preview, unfoldingWord/tx-job-handler, unfoldingWord/wordAlignment, unfoldingWord/checking-tool-wrapper, unfoldingWord/translationCore, unfoldingWord/tc-source-content-updater, unfoldingWord/gateway-admin, unfoldingWord/tc-create-app","mandolyte, PhotoNomad0, ancientTexts-net, mannycolon",https://github.com/unfoldingWord/uw-tsv-parser,2023-05-31T22:28:33Z
uw-scripture-parser,unfoldingWord,JavaScript,uw-bible-parser,,,uw-quote-helpers,"bible-reference-range, usfm-js",abelpz/oce-library-starter,abelpz,https://github.com/unfoldingWord/uw-scripture-parser,2023-03-15T02:11:57Z
epitelete-html,unfoldingWord,JavaScript,epitelete-html,7411.0,2023-07-16T00:28:17.570Z,"beta-bibel-wiki, OCE Oak Edit, oce-oak-render, uw-editor, @oce-editor-tools/base-core, @oce-editor-tools/joy-core, @oce-editor-tools/joy-pk, @oce-editor-tools/mui-core, @oce-editor-tools/mui-pk, @oce-editor-tools/mui-simple, @oce-editor-tools/pk-aligner",uw-proskomma,"larsgson/jnet-bibel-wiki, larsgson/bibel-wiki, larsgson/td-bibel-wiki, larsgson/pe-bibel-wiki, larsgson/in-bibel-wiki, BSB-publishing/csv2usfm, larsgson/plussord-bibel-wiki, larsgson/en-bibel-wiki, unfoldingWord-box3/beta-bibel-demo, RUN-Collaborations/translatable, eten-tech-foundation/scribe-extensions, abelpz/perfedtor, eten-tech-foundation/scripture-editors, DenisArger/my-usfm-editor, larsgson/vscode-ext-usfm-editor-webview, abelpz/bible-lexical-editor, abelpz/bible-editor-lexical-proskomma, larsgson/d43-preview, unfoldingWord/oce-oak-edit, unfoldingWord/oce-oak-render, bible-technology/scribe-scripture-editor, vipinpaul/autographa, unfoldingWord/oce-editor-tools, friendsofagape/autographa, unfoldingWord/gateway-translate, unfoldingWord/uw-editor","abelpz, mvahowe, mandolyte, samueljd, klappy",https://github.com/unfoldingWord/epitelete-html,2023-02-02T13:14:15Z
gateway-translate,unfoldingWord,JavaScript,gateway-translate,,,,"bible-reference-rcl, dcs-js, resource-workspace-rcl, scripture-resources-rcl, translation-helps-rcl",,"mandolyte, larsgson, superdav42, abelpz, theNerd247, richmahn, elsylambert, jincypjose",https://github.com/unfoldingWord/gateway-translate,2023-01-21T16:44:36Z
tc-tsv-converter,unfoldingWord,JavaScript,tsv-converter,,,,,,PhotoNomad0,https://github.com/unfoldingWord/tc-tsv-converter,2022-11-15T23:06:04Z
wordMAP-usfm,unfoldingWord,TypeScript,wordmap-usfm,,,,"usfm-js, wordmap-lexer",,"da1nerd, klappy, mannycolon, dependabot-support, bspidel",https://github.com/unfoldingWord/wordMAP-usfm,2022-11-13T22:45:42Z
uw-pdf-preview,unfoldingWord,JavaScript,uw-pdf-preview,,,,,,"superdav42, mandolyte, larsgson",https://github.com/unfoldingWord/uw-pdf-preview,2022-11-08T15:51:52Z
dcs-js,unfoldingWord,TypeScript,dcs-js,510.0,2022-11-02T13:18:25.384Z,"bible-preview-app, dcs-login, dcs-branch-merger, gateway-translate, dcs-react-hooks, dcs-js-example",,"nishantshah-me/docusaurus, unfoldingWord/dcs-branch-merger, unfoldingWord-box3/bible-preview-app, unfoldingWord/gateway-translate","abelpz, richmahn",https://github.com/unfoldingWord/dcs-js,2022-10-29T01:30:37Z
uw-editor,unfoldingWord,JavaScript,uw-editor,1082.0,2023-03-21T14:43:38.471Z,,"epitelete-html, translation-helps-rcl",unfoldingWord/gateway-translate,"larsgson, mandolyte, superdav42, abelpz, irahopkinson",https://github.com/unfoldingWord/uw-editor,2022-10-19T03:29:50Z
dcs-packages,unfoldingWord,TypeScript,dcs-packages,,,,,,abelpz,https://github.com/unfoldingWord/dcs-packages,2022-08-25T21:38:49Z
dcs-react-hooks,unfoldingWord,JavaScript,dcs-react-hooks,147.0,2022-08-19T12:33:49.976Z,,"dcs-js, uw-languages-rcl, @unfoldingword/eslint-config","nishantshah-me/docusaurus, unfoldingWord/gateway-translate","abelpz, mandolyte",https://github.com/unfoldingWord/dcs-react-hooks,2022-06-17T15:48:50Z
book-package-rcl,unfoldingWord,JavaScript,book-package-rcl,2168.0,2023-01-02T13:16:20.145Z,book-package-app,"usfm-js, uw-word-count",unfoldingWord/book-package-app,"mandolyte, abelpz, dependabot[bot]",https://github.com/unfoldingWord/book-package-rcl,2022-06-14T14:25:45Z
resource-workspace-rcl,unfoldingWord,JavaScript,resource-workspace-rcl,2576.0,2023-06-13T13:51:03.803Z,"next-js-template, gateway-edit, admin-app, create-app, bsa, gateway-admin, gateway-translate","@unfoldingword/eslint-config, gitea-react-toolkit, markdown-translatable, scripture-resources-rcl, translation-helps-rcl","unfoldingWord/obt, unfoldingWord/gateway-edit, unfoldingWord/gateway-translate, unfoldingWord/gateway-admin, hiscoder-com/obt","mannycolon, RoyalSix, PhotoNomad0, Sterling (Jay) Scott, foxprogs, mandolyte, Joel-C-Johnson",https://github.com/unfoldingWord/resource-workspace-rcl,2022-06-01T15:53:36Z
uw-languages-rcl,unfoldingWord,JavaScript,uw-languages-rcl,745.0,2023-06-12T16:01:14.311Z,"tc-create-app, dcs-react-hooks",,"nishantshah-me/docusaurus, unfoldingWord/gateway-translate, unfoldingWord/tc-create-app","mandolyte, dependabot[bot], abelpz",https://github.com/unfoldingWord/uw-languages-rcl,2022-06-01T12:49:38Z
book-package-app,unfoldingWord,TypeScript,book-package-app,89.0,2020-07-15T14:29:05.613Z,,book-package-rcl,,"mandolyte, dependabot[bot], jag3773",https://github.com/unfoldingWord/book-package-app,2021-12-17T13:15:30Z
catalog-next-toolkit,unfoldingWord,TypeScript,catalog-next-toolkit,,,,uw-content-validation,,mandolyte,https://github.com/unfoldingWord/catalog-next-toolkit,2021-06-15T13:39:33Z
eslint-config,unfoldingWord,JavaScript,@unfoldingword/eslint-config,,,"simple-text-editor-rcl, tc-create-app, gitea-offline-poc, gitea-react-toolkit, single-scripture-rcl, enhanced-word-aligner-rcl, scripture-resources-rcl, datatable-translatable, markdown-translatable, dcs-react-hooks, resource-workspace-rcl",,,"RoyalSix, Sterling (Jay) Scott",https://github.com/unfoldingWord/eslint-config,2020-12-15T23:29:10Z
uw-word-count,unfoldingWord,JavaScript,uw-word-count,329.0,2020-07-15T14:01:25.409Z,book-package-rcl,usfm-js,"unfoldingWord/book-package-app, unfoldingWord/book-package-rcl","mandolyte, dependabot[bot], jag3773",https://github.com/unfoldingWord/uw-word-count,2020-08-11T13:41:55Z
usfm-js-wrapper,unfoldingWord,JavaScript,usfm-js-wrapper,,,,usfm-js,,RobH123,https://github.com/unfoldingWord/usfm-js-wrapper,2020-05-26T20:17:20Z
wordMAP-lexer,unfoldingWord,TypeScript,wordmap-lexer,,,"wordmap-mt, alignment-playground, wordmap-react-toolkit, word-aligner-rcl, uw-wordmapbooster, translationCore, word-aligner-lib, checking-tool-rcl, wordmap, wordAlignment, string-punctuation-tokenizer, wordmap-usfm",string-punctuation-tokenizer,"FoustAndrew/wordAlignment, unfoldingWord/single-scripture-rcl, unfoldingWord/gateway-edit, unfoldingWord/door43-preview-app, unfoldingWord/word-aligner-lib, JEdward7777/codex-wordmap, JEdward7777/VsCodeUsfmAligner, unfoldingWord-box3/word-aligner-extension, JEdward7777/alignment-transferer, JEdward7777/boostwordmapwithfs, JEdward7777/wordmapbooster, unfoldingWord/oce-editor-tools, unfoldingWord/word-aligner-rcl, unfoldingWord/string-punctuation-tokenizer, unfoldingWord-box3/wordmap-react-toolkit, unfoldingWord/wordAlignment, unfoldingWord/translationCore, unfoldingWord/wordMAP, unfoldingWord/wordMAP-usfm","da1nerd, mannycolon, dependabot-support, RoyalSix, PhotoNomad0, Sterling (Jay) Scott, bspidel",https://github.com/unfoldingWord/wordMAP-lexer,2020-04-22T13:12:03Z
tc-tool,unfoldingWord,JavaScript,tc-tool,,,"translationCore, wordAlignment, translationWords, translationNotes, checking-tool-wrapper, VerseCheck, toolTemplate, ScripturePane",,"FoustAndrew/wordAlignment, unfoldingWord/checking-tool-wrapper, unfoldingWord/translationNotes, unfoldingWord/translationWords, unfoldingWord/wordAlignment, unfoldingWord/translationCore","da1nerd, mannycolon, dependabot-support, PhotoNomad0, RoyalSix, bspidel",https://github.com/unfoldingWord/tc-tool,2020-04-16T01:20:15Z
t-core-submodule-updater,unfoldingWord,JavaScript,tc-submodule-manager,,,,,ihoegen/translationCore-submodule-updater,"ihoegen, mannycolon",https://github.com/unfoldingWord/t-core-submodule-updater,2019-10-22T20:22:23Z
tc-strings,unfoldingWord,JavaScript,tc-strings,,,"translationCore, word-aligner-lib, checking-tool-rcl, selections, VerseCheck",,,richmahn,https://github.com/unfoldingWord/tc-strings,2019-10-22T19:46:14Z
selections,unfoldingWord,JavaScript,selections,,,"translationCore, wordAlignment, checking-tool-wrapper, VerseCheck",tc-strings,"FoustAndrew/wordAlignment, unfoldingWord/wordAlignment, unfoldingWord/checking-tool-wrapper, unfoldingWord/translationNotes, unfoldingWord/translationWords, unfoldingWord/translationCore",richmahn,https://github.com/unfoldingWord/selections,2019-10-22T19:45:39Z
node-gogs-client,unfoldingWord-dev,JavaScript,gogs-client,6525.0,2016-07-13T00:07:45.833Z,"translationCore, wordAlignment, checking-tool-wrapper",,"FoustAndrew/wordAlignment, aunger/wacs-client, Bible-Translation-Tools/BTT-Writer-Desktop, unfoldingWord/wordAlignment, unfoldingWord/checking-tool-wrapper, unfoldingWord-dev/ts-desktop, dottgonzo/vue-starter, unfoldingWord/translationCore","da1nerd, Thomas Klemz, jonasof",https://github.com/unfoldingWord-dev/node-gogs-client,2024-06-21T17:58:57Z
electronite-packager,unfoldingWord-dev,JavaScript,electron-packager,,,,,"rockybars/atom-shell-packager, unfoldingWord/gateway-edit, Proskomma/proskomma-legacy-projects, gbin-org/alignment-editor-rcl-poc, unfoldingWord/translationCore, mannycolon/electronite-poc-app","malept, max-mapper, kevinsawicki, MarshallOfSound, dependabot-preview[bot], mafintosh, junosuarez, develar, kfranqueiro, Jens Lind, sethlu, feross, hitman401, zeke, inukshuk, sindresorhus, da1nerd, Andrew Plotkin, hokein, anaisbetts, rahatarmanahmed, dependabot[bot], Rameshv, jhen0409, kwolfy, Stefan Buck, zaggino, shama, joshaber, jlord, mcfedr, ckerr, AbbetWang, psxjpc, juliangruber, imlucas, lukeapage, Markus Mühlberger, MathijsvVelde, Nicolas Spiric, Paul Le Cam, plrthink, valette, trapp, Yifei Teng, remixz, dependabot-support, jasonhinkle, mironal, pyro2927, rehez, robfuscate, barinali, fasterthanlime, arnolem, vrunoa, chentsulin, dmascord, quicksnap, Dan Schuman, eugirdor, dmurtari, Dr, fcastilloec, floriangosse, hrkt, Ivshti, j-f1, nornagon, jsg2021, positlabs",https://github.com/unfoldingWord-dev/electronite-packager,2023-09-18T17:18:06Z
electronite-cli,unfoldingWord-dev,JavaScript,electronite,2487.0,2026-01-22T21:05:02.866Z,translationCore,,"unfoldingWord/gateway-edit, Bridgeconn/tc-create-offline, Proskomma/proskomma-legacy-projects, friendsofagape/autographa, gbin-org/alignment-editor-rcl-poc, unfoldingWord/translationCore, mannycolon/electronite-poc-app","da1nerd, PhotoNomad0",https://github.com/unfoldingWord-dev/electronite-cli,2023-09-04T12:03:41Z
translationHelps,unfoldingWord-dev,JavaScript,TranslationHelps,,,,,,"mannycolon, EllDoubleYew, Richard Mahn, klappy, ihoegen, cdwhitfield73, RoyalSix, da1nerd, Sterling (Jay) Scott, Audrey Mahn, PhotoNomad0",https://github.com/unfoldingWord-dev/translationHelps,2023-01-28T16:52:06Z
example_tool,unfoldingWord-dev,JavaScript,ExampleTool,,,,,,"ihoegen, Sterling (Jay) Scott",https://github.com/unfoldingWord-dev/example_tool,2023-01-28T16:52:06Z
tC_Resources,unfoldingWord-dev,JavaScript,tc_resources,,,,usfm-js,,"PhotoNomad0, richmahn, mannycolon, Richard Mahn, klappy, RoyalSix, da1nerd, Sterling (Jay) Scott",https://github.com/unfoldingWord-dev/tC_Resources,2023-01-28T16:35:42Z
VerseCheck,unfoldingWord-dev,JavaScript,VerseCheck,,,,"selections, tc-strings, tc-tool, usfm-js",,"mannycolon, klappy, RoyalSix, cdwhitfield73, Richard Mahn, ihoegen, EllDoubleYew, da1nerd, Sterling (Jay) Scott, richmahn, bspidel, PhotoNomad0",https://github.com/unfoldingWord-dev/VerseCheck,2023-01-28T16:35:42Z
translation_academy,unfoldingWord-dev,JavaScript,TranslationAcademy,,,,,,"ihoegen, Sterling (Jay) Scott, klappy",https://github.com/unfoldingWord-dev/translation_academy,2023-01-28T16:19:09Z
proposed_changes_module,unfoldingWord-dev,JavaScript,ProposedChanges,,,,,,"mannycolon, ihoegen, Sterling (Jay) Scott",https://github.com/unfoldingWord-dev/proposed_changes_module,2023-01-28T16:19:09Z
translationCore-PoC,unfoldingWord-dev,JavaScript,,,,,,,klappy,https://github.com/unfoldingWord-dev/translationCore-PoC,2023-01-28T16:19:08Z
uwadmin,unfoldingWord-dev,JavaScript,,,,,,,"paltman, swilcox, root, jag3773",https://github.com/unfoldingWord-dev/uwadmin,2023-01-28T16:19:07Z
translationKeyboardWeb,unfoldingWord-dev,JavaScript,,,,,,,"GottaGetSwifty, bknatterud, jag3773, Jesse A. Griffin",https://github.com/unfoldingWord-dev/translationKeyboardWeb,2023-01-28T16:19:07Z
OBS-Mobile,unfoldingWord-dev,JavaScript,,,,,,phonegap/phonegap-start,"Bob Wadholm, alunny, ryanbetts, Andrew Lunny, Dan Silivestru, Dave Johnson",https://github.com/unfoldingWord-dev/OBS-Mobile,2023-01-28T16:19:06Z
Bootstrap43,unfoldingWord-dev,JavaScript,,,,,,aaronpk/Bootstrap-Skin,"aaronpk, reidab",https://github.com/unfoldingWord-dev/Bootstrap43,2023-01-28T16:19:06Z
etherpad-lite,unfoldingWord-dev,JavaScript,etherpad-lite,,,,,ether/etherpad,"Pita, JohnMcLear, Robin Buse, Robin, hanspinckaers, Lukas Martini, adrianheine, garrett, Patrick Pfeiffer, Randy, erlendfh, chapel, Pita Poison, root, snarkyMcSnark",https://github.com/unfoldingWord-dev/etherpad-lite,2023-01-28T16:19:06Z
ResourceChecker,unfoldingWord-dev,JavaScript,resource-checker,,,,"usfm-js, gitea-react-toolkit, scripture-resources-rcl, markdown-translatable",unfoldingWord/uw-word-count,"mandolyte, RobH123, jag3773",https://github.com/unfoldingWord-dev/ResourceChecker,2023-01-28T14:29:30Z
node-dcs-api-client,unfoldingWord-dev,TypeScript,dcs_api_client,,,,,,richmahn,https://github.com/unfoldingWord-dev/node-dcs-api-client,2023-01-27T20:32:30Z
obsidian-uw-rc-link-opener,unfoldingWord-dev,TypeScript,uw-rc-link-opener,,,,,,richmahn,https://github.com/unfoldingWord-dev/obsidian-uw-rc-link-opener,2021-06-08T17:40:39Z
dcs-docker,unfoldingWord-dev,JavaScript,dcs-docker,,,,,,richmahn,https://github.com/unfoldingWord-dev/dcs-docker,2021-05-13T21:16:14Z
uw-web,unfoldingWord-dev,JavaScript,BrowserBible,,,,,digitalbiblesociety/browserbible-3,"johndyer, codemis, phillip-hopper, alerque, Jesse A. Griffin, jag3773, explorigin, maf-jclark, nikaro, Zohma, rbnswartz, Phil Hopper, da1nerd, Jay, Gogs, anthonycrumley, chriskrycho, runlevelsix, Jonathan Bitgood, Timothy Farrell, joshykurian, pdattx",https://github.com/unfoldingWord-dev/uw-web,2020-09-11T14:39:54Z
HebrewLexicon,unfoldingWord-dev,JavaScript,strongs-parse,,,,,PhotoNomad0/HebrewLexicon,"joeldruark, DavidTroidl, dowens76, PhotoNomad0, scruffian, destatez, sinri",https://github.com/unfoldingWord-dev/HebrewLexicon,2020-01-03T16:25:13Z
node-door43-client,unfoldingWord-dev,JavaScript,door43-client,1384.0,2019-11-06T17:33:42.928Z,,resource-container,"Bible-Translation-Tools/BTT-Writer-Desktop, WycliffeAssociates/BTT_Writer_Resource_Updater, unfoldingWord-dev/ts-desktop",da1nerd,https://github.com/unfoldingWord-dev/node-door43-client,2019-11-06T17:32:34Z
Autographa,unfoldingWord-dev,JavaScript,Autographa,,,,,,"nbajpai9, ayushnig, sandeeponrails, klappy, ImgBotApp, mannycolon",https://github.com/unfoldingWord-dev/Autographa,2019-10-22T20:35:02Z
checkingRubric_tool,unfoldingWord-dev,JavaScript,checkingRubricTool,,,,,,"mannycolon, ihoegen, ImgBotApp",https://github.com/unfoldingWord-dev/checkingRubric_tool,2019-10-22T19:40:10Z
toolTemplate,unfoldingWord-dev,JavaScript,toolTemplate,,,,tc-tool,,"klappy, da1nerd, ImgBotApp, mannycolon",https://github.com/unfoldingWord-dev/toolTemplate,2019-10-22T19:38:20Z
comment_box,unfoldingWord-dev,JavaScript,CommentBox,,,,,,"mannycolon, ihoegen, Sterling (Jay) Scott",https://github.com/unfoldingWord-dev/comment_box,2019-10-22T19:37:22Z
ScripturePane,unfoldingWord-dev,JavaScript,ScripturePane,,,,"string-punctuation-tokenizer, tc-tool, usfm-js",,"mannycolon, PhotoNomad0, da1nerd, klappy, RoyalSix, EllDoubleYew, cdwhitfield73, Sterling (Jay) Scott, ihoegen, richmahn, bspidel, Richard Mahn",https://github.com/unfoldingWord-dev/ScripturePane,2019-10-22T19:35:10Z
t_pane,unfoldingWord-dev,JavaScript,TPane,,,,,,"ihoegen, Sterling (Jay) Scott, mannycolon, RoyalSix",https://github.com/unfoldingWord-dev/t_pane,2019-10-22T19:34:26Z
node-resource-container,unfoldingWord-dev,JavaScript,resource-container,2794.0,2017-02-28T01:01:07.451Z,door43-client,,,da1nerd,https://github.com/unfoldingWord-dev/node-resource-container,2017-03-07T23:45:06Z
tx-html2pdf,unfoldingWord-dev,JavaScript,,,,,,,"Richard Mahn, Gogs, richmahn",https://github.com/unfoldingWord-dev/tx-html2pdf,2016-12-19T14:55:26Z
node-door43-rc,unfoldingWord-dev,JavaScript,door43-rc,475.0,2016-09-01T18:35:44.393Z,,,,da1nerd,https://github.com/unfoldingWord-dev/node-door43-rc,2016-08-25T18:39:16Z
s3_list-zip,unfoldingWord-dev,JavaScript,,,,,,,codemis,https://github.com/unfoldingWord-dev/s3_list-zip,2016-02-19T21:11:59Z
dokuwiki-plugin-obs-audio-upload,unfoldingWord-dev,JavaScript,,,,,,,"phillip-hopper, Phil Hopper",https://github.com/unfoldingWord-dev/dokuwiki-plugin-obs-audio-upload,2015-03-19T19:30:11Z
checking-app-theia/CheckingApp,unfoldingWord-box3,TypeScript,CheckingApp,,,,,,PhotoNomad0,https://github.com/unfoldingWord-box3/checking-app-theia,2025-03-20T20:08:52Z
checking-app-theia/browser-app,unfoldingWord-box3,TypeScript,browser-app,,,,,,PhotoNomad0,https://github.com/unfoldingWord-box3/checking-app-theia,2025-03-20T20:08:52Z
checking-app-theia/CheckingTool,unfoldingWord-box3,TypeScript,CheckingTool,,,,,,PhotoNomad0,https://github.com/unfoldingWord-box3/checking-app-theia,2025-03-20T20:08:52Z
checking-app-theia/startChecking,unfoldingWord-box3,TypeScript,startChecking,,,,,,PhotoNomad0,https://github.com/unfoldingWord-box3/checking-app-theia,2025-03-20T20:08:52Z
theia-examples/browser-app,unfoldingWord-box3,TypeScript,browser-app,,,,,,PhotoNomad0,https://github.com/unfoldingWord-box3/theia-examples,2025-01-22T21:00:21Z
theia-examples/electron-app,unfoldingWord-box3,TypeScript,electron-app,,,,,,PhotoNomad0,https://github.com/unfoldingWord-box3/theia-examples,2025-01-22T21:00:21Z
theia-examples/empty,unfoldingWord-box3,TypeScript,empty,,,,,,PhotoNomad0,https://github.com/unfoldingWord-box3/theia-examples,2025-01-22T21:00:21Z
tc-study/bible-web,unfoldingWord,TypeScript,bible-web,,,,,,abelpz,https://github.com/unfoldingWord/tc-study,2026-05-11T19:02:48Z
tc-study/linked-panels-spike,unfoldingWord,TypeScript,linked-panels-spike,,,,,,abelpz,https://github.com/unfoldingWord/tc-study,2026-05-11T19:02:48Z
tc-study/@bt-synergy/mobile,unfoldingWord,TypeScript,@bt-synergy/mobile,,,,usfm-js,,abelpz,https://github.com/unfoldingWord/tc-study,2026-05-11T19:02:48Z
tc-study/@bt-toolkit/resource-downloader,unfoldingWord,TypeScript,@bt-toolkit/resource-downloader,,,,,,abelpz,https://github.com/unfoldingWord/tc-study,2026-05-11T19:02:48Z
tc-study/@bt-synergy/resource-package-builder,unfoldingWord,TypeScript,@bt-synergy/resource-package-builder,,,,,,abelpz,https://github.com/unfoldingWord/tc-study,2026-05-11T19:02:48Z
tc-study/@bt-synergy/package-creator-web,unfoldingWord,TypeScript,@bt-synergy/package-creator-web,,,,,,abelpz,https://github.com/unfoldingWord/tc-study,2026-05-11T19:02:48Z
tc-study/resource-panels-spike,unfoldingWord,TypeScript,resource-panels-spike,,,,,,abelpz,https://github.com/unfoldingWord/tc-study,2026-05-11T19:02:48Z
tc-study/tc-study,unfoldingWord,TypeScript,tc-study,,,,usfm-js,,abelpz,https://github.com/unfoldingWord/tc-study,2026-05-11T19:02:48Z
tc-study/toc-generator-web,unfoldingWord,TypeScript,toc-generator-web,,,,,,abelpz,https://github.com/unfoldingWord/tc-study,2026-05-11T19:02:48Z
tc-study/@bt-synergy/cache-adapter-indexeddb,unfoldingWord,TypeScript,@bt-synergy/cache-adapter-indexeddb,,,,,,abelpz,https://github.com/unfoldingWord/tc-study,2026-05-11T19:02:48Z
tc-study/@bt-synergy/cache-adapter-memory,unfoldingWord,TypeScript,@bt-synergy/cache-adapter-memory,,,,,,abelpz,https://github.com/unfoldingWord/tc-study,2026-05-11T19:02:48Z
tc-study/@bt-synergy/cache-adapter-sqlite,unfoldingWord,TypeScript,@bt-synergy/cache-adapter-sqlite,,,,,,abelpz,https://github.com/unfoldingWord/tc-study,2026-05-11T19:02:48Z
tc-study/@bt-synergy/catalog-adapter-indexeddb,unfoldingWord,TypeScript,@bt-synergy/catalog-adapter-indexeddb,,,,,,abelpz,https://github.com/unfoldingWord/tc-study,2026-05-11T19:02:48Z
tc-study/@bt-synergy/catalog-adapter-memory,unfoldingWord,TypeScript,@bt-synergy/catalog-adapter-memory,,,,,,abelpz,https://github.com/unfoldingWord/tc-study,2026-05-11T19:02:48Z
tc-study/@bt-synergy/catalog-adapter-sqlite,unfoldingWord,TypeScript,@bt-synergy/catalog-adapter-sqlite,,,,,,abelpz,https://github.com/unfoldingWord/tc-study,2026-05-11T19:02:48Z
tc-study/@bt-synergy/catalog-cli,unfoldingWord,TypeScript,@bt-synergy/catalog-cli,,,,,,abelpz,https://github.com/unfoldingWord/tc-study,2026-05-11T19:02:48Z
tc-study/@bt-synergy/catalog-manager,unfoldingWord,TypeScript,@bt-synergy/catalog-manager,,,,,,abelpz,https://github.com/unfoldingWord/tc-study,2026-05-11T19:02:48Z
tc-study/@bt-synergy/door43-api,unfoldingWord,TypeScript,@bt-synergy/door43-api,,,,,,abelpz,https://github.com/unfoldingWord/tc-study,2026-05-11T19:02:48Z
tc-study/@bt-synergy/linked-panels,unfoldingWord,TypeScript,@bt-synergy/linked-panels,,,,,,abelpz,https://github.com/unfoldingWord/tc-study,2026-05-11T19:02:48Z
tc-study/@bt-synergy/navigation,unfoldingWord,TypeScript,@bt-synergy/navigation,,,,,,abelpz,https://github.com/unfoldingWord/tc-study,2026-05-11T19:02:48Z
tc-study/@bt-synergy/package-builder-engine,unfoldingWord,TypeScript,@bt-synergy/package-builder-engine,,,,,,abelpz,https://github.com/unfoldingWord/tc-study,2026-05-11T19:02:48Z
tc-study/@bt-synergy/package-builder,unfoldingWord,TypeScript,@bt-synergy/package-builder,,,,,,abelpz,https://github.com/unfoldingWord/tc-study,2026-05-11T19:02:48Z
tc-study/@bt-synergy/package-creator-core,unfoldingWord,TypeScript,@bt-synergy/package-creator-core,,,,,,abelpz,https://github.com/unfoldingWord/tc-study,2026-05-11T19:02:48Z
tc-study/@bt-synergy/package-creator-state,unfoldingWord,TypeScript,@bt-synergy/package-creator-state,,,,,,abelpz,https://github.com/unfoldingWord/tc-study,2026-05-11T19:02:48Z
tc-study/@bt-synergy/package-creator-workflow,unfoldingWord,TypeScript,@bt-synergy/package-creator-workflow,,,,,,abelpz,https://github.com/unfoldingWord/tc-study,2026-05-11T19:02:48Z
tc-study/@bt-synergy/package-storage,unfoldingWord,TypeScript,@bt-synergy/package-storage,,,,,,abelpz,https://github.com/unfoldingWord/tc-study,2026-05-11T19:02:48Z
tc-study/@bt-synergy/passage-sets-cli,unfoldingWord,TypeScript,@bt-synergy/passage-sets-cli,,,,,,abelpz,https://github.com/unfoldingWord/tc-study,2026-05-11T19:02:48Z
tc-study/@bt-synergy/passage-sets,unfoldingWord,TypeScript,@bt-synergy/passage-sets,,,,,,abelpz,https://github.com/unfoldingWord/tc-study,2026-05-11T19:02:48Z
tc-study/@bt-synergy/resource-actions,unfoldingWord,TypeScript,@bt-synergy/resource-actions,,,,,,abelpz,https://github.com/unfoldingWord/tc-study,2026-05-11T19:02:48Z
tc-study/@bt-synergy/resource-adapters,unfoldingWord,TypeScript,@bt-synergy/resource-adapters,,,,,,abelpz,https://github.com/unfoldingWord/tc-study,2026-05-11T19:02:48Z
tc-study/@bt-synergy/resource-bundler,unfoldingWord,TypeScript,@bt-synergy/resource-bundler,,,,,,abelpz,https://github.com/unfoldingWord/tc-study,2026-05-11T19:02:48Z
tc-study/@bt-synergy/resource-cache,unfoldingWord,TypeScript,@bt-synergy/resource-cache,,,,,,abelpz,https://github.com/unfoldingWord/tc-study,2026-05-11T19:02:48Z
tc-study/@bt-synergy/resource-catalog,unfoldingWord,TypeScript,@bt-synergy/resource-catalog,,,,,,abelpz,https://github.com/unfoldingWord/tc-study,2026-05-11T19:02:48Z
tc-study/@bt-synergy/resource-panels,unfoldingWord,TypeScript,@bt-synergy/resource-panels,,,,,,abelpz,https://github.com/unfoldingWord/tc-study,2026-05-11T19:02:48Z
tc-study/@bt-synergy/resource-parsers,unfoldingWord,TypeScript,@bt-synergy/resource-parsers,,,,usfm-js,,abelpz,https://github.com/unfoldingWord/tc-study,2026-05-11T19:02:48Z
tc-study/@bt-synergy/resource-selection,unfoldingWord,TypeScript,@bt-synergy/resource-selection,,,,,,abelpz,https://github.com/unfoldingWord/tc-study,2026-05-11T19:02:48Z
tc-study/@bt-synergy/resource-signals,unfoldingWord,TypeScript,@bt-synergy/resource-signals,,,,,,abelpz,https://github.com/unfoldingWord/tc-study,2026-05-11T19:02:48Z
tc-study/@bt-synergy/resource-types,unfoldingWord,TypeScript,@bt-synergy/resource-types,,,,,,abelpz,https://github.com/unfoldingWord/tc-study,2026-05-11T19:02:48Z
tc-study/@bt-synergy/scripture-loader,unfoldingWord,TypeScript,@bt-synergy/scripture-loader,,,,,,abelpz,https://github.com/unfoldingWord/tc-study,2026-05-11T19:02:48Z
tc-study/@bt-synergy/scripture-resource,unfoldingWord,TypeScript,@bt-synergy/scripture-resource,,,,,,abelpz,https://github.com/unfoldingWord/tc-study,2026-05-11T19:02:48Z
tc-study/@bt-synergy/shared,unfoldingWord,TypeScript,@bt-synergy/shared,,,,,,abelpz,https://github.com/unfoldingWord/tc-study,2026-05-11T19:02:48Z
tc-study/@bt-synergy/study-store,unfoldingWord,TypeScript,@bt-synergy/study-store,,,,,,abelpz,https://github.com/unfoldingWord/tc-study,2026-05-11T19:02:48Z
tc-study/@bt-synergy/toc-generator-cli,unfoldingWord,TypeScript,@bt-synergy/toc-generator-cli,,,,,,abelpz,https://github.com/unfoldingWord/tc-study,2026-05-11T19:02:48Z
tc-study/@bt-synergy/translation-academy-loader,unfoldingWord,TypeScript,@bt-synergy/translation-academy-loader,,,,,,abelpz,https://github.com/unfoldingWord/tc-study,2026-05-11T19:02:48Z
tc-study/@bt-synergy/translation-notes-loader,unfoldingWord,TypeScript,@bt-synergy/translation-notes-loader,,,,,,abelpz,https://github.com/unfoldingWord/tc-study,2026-05-11T19:02:48Z
tc-study/@bt-synergy/translation-questions-loader,unfoldingWord,TypeScript,@bt-synergy/translation-questions-loader,,,,,,abelpz,https://github.com/unfoldingWord/tc-study,2026-05-11T19:02:48Z
tc-study/@bt-synergy/translation-words-links-loader,unfoldingWord,TypeScript,@bt-synergy/translation-words-links-loader,,,,,,abelpz,https://github.com/unfoldingWord/tc-study,2026-05-11T19:02:48Z
tc-study/@bt-synergy/translation-words-loader,unfoldingWord,TypeScript,@bt-synergy/translation-words-loader,,,,,,abelpz,https://github.com/unfoldingWord/tc-study,2026-05-11T19:02:48Z
tc-study/@bt-synergy/ui-controls,unfoldingWord,TypeScript,@bt-synergy/ui-controls,,,,,,abelpz,https://github.com/unfoldingWord/tc-study,2026-05-11T19:02:48Z
tc-study/@bt-synergy/unified-catalog-store,unfoldingWord,TypeScript,@bt-synergy/unified-catalog-store,,,,,,abelpz,https://github.com/unfoldingWord/tc-study,2026-05-11T19:02:48Z
tc-study/@bt-synergy/usfm-processor,unfoldingWord,TypeScript,@bt-synergy/usfm-processor,,,,usfm-js,,abelpz,https://github.com/unfoldingWord/tc-study,2026-05-11T19:02:48Z
tc-study/@bt-synergy/resource-cli,unfoldingWord,TypeScript,@bt-synergy/resource-cli,,,,,,abelpz,https://github.com/unfoldingWord/tc-study,2026-05-11T19:02:48Z
tc-study/@bt-synergy/scripture-resource,unfoldingWord,TypeScript,@bt-synergy/scripture-resource,,,,,,abelpz,https://github.com/unfoldingWord/tc-study,2026-05-11T19:02:48Z
oce-editor-tools/@oce-editor-tools/base-core,unfoldingWord,JavaScript,@oce-editor-tools/base-core,,,,epitelete-html,"larsgson/jnet-bibel-wiki, larsgson/bibel-wiki, larsgson/td-bibel-wiki, larsgson/pe-bibel-wiki, larsgson/in-bibel-wiki, BSB-publishing/csv2usfm, larsgson/plussord-bibel-wiki, larsgson/en-bibel-wiki, unfoldingWord-box3/beta-bibel-demo, RUN-Collaborations/translatable, DenisArger/my-usfm-editor, larsgson/vscode-ext-usfm-editor-webview, unfoldingWord/oce-oak-render, unfoldingWord/gateway-translate, unfoldingWord/oce-oak-edit, unfoldingWord/door43-preview-app","larsgson, abelpz, RUN-Projects, PhotoNomad0, richmahn",https://github.com/unfoldingWord/oce-editor-tools,2024-07-15T12:12:44Z
oce-editor-tools/@oce-editor-tools/base,unfoldingWord,JavaScript,@oce-editor-tools/base,1593.0,2024-01-10T09:41:28.021Z,,,"larsgson/jnet-bibel-wiki, larsgson/bibel-wiki, larsgson/td-bibel-wiki, larsgson/pe-bibel-wiki, larsgson/in-bibel-wiki, BSB-publishing/csv2usfm, larsgson/plussord-bibel-wiki, larsgson/en-bibel-wiki, unfoldingWord-box3/beta-bibel-demo, RUN-Collaborations/translatable, DenisArger/my-usfm-editor, larsgson/vscode-ext-usfm-editor-webview, unfoldingWord/oce-oak-render, unfoldingWord/gateway-translate, unfoldingWord/oce-oak-edit, unfoldingWord/door43-preview-app","larsgson, abelpz, RUN-Projects, PhotoNomad0, richmahn",https://github.com/unfoldingWord/oce-editor-tools,2024-07-15T12:12:44Z
oce-editor-tools/@oce-editor-tools/joy-core,unfoldingWord,JavaScript,@oce-editor-tools/joy-core,363.0,2024-01-10T09:45:57.004Z,,epitelete-html,"larsgson/jnet-bibel-wiki, larsgson/bibel-wiki, larsgson/td-bibel-wiki, larsgson/pe-bibel-wiki, larsgson/in-bibel-wiki, BSB-publishing/csv2usfm, larsgson/plussord-bibel-wiki, larsgson/en-bibel-wiki, unfoldingWord-box3/beta-bibel-demo, RUN-Collaborations/translatable, DenisArger/my-usfm-editor, larsgson/vscode-ext-usfm-editor-webview, unfoldingWord/oce-oak-render, unfoldingWord/gateway-translate, unfoldingWord/oce-oak-edit, unfoldingWord/door43-preview-app","larsgson, abelpz, RUN-Projects, PhotoNomad0, richmahn",https://github.com/unfoldingWord/oce-editor-tools,2024-07-15T12:12:44Z
oce-editor-tools/@oce-editor-tools/joy-pk,unfoldingWord,JavaScript,@oce-editor-tools/joy-pk,112.0,2024-01-10T09:47:45.958Z,,"bible-reference-rcl, epitelete-html","larsgson/jnet-bibel-wiki, larsgson/bibel-wiki, larsgson/td-bibel-wiki, larsgson/pe-bibel-wiki, larsgson/in-bibel-wiki, BSB-publishing/csv2usfm, larsgson/plussord-bibel-wiki, larsgson/en-bibel-wiki, unfoldingWord-box3/beta-bibel-demo, RUN-Collaborations/translatable, DenisArger/my-usfm-editor, larsgson/vscode-ext-usfm-editor-webview, unfoldingWord/oce-oak-render, unfoldingWord/gateway-translate, unfoldingWord/oce-oak-edit, unfoldingWord/door43-preview-app","larsgson, abelpz, RUN-Projects, PhotoNomad0, richmahn",https://github.com/unfoldingWord/oce-editor-tools,2024-07-15T12:12:44Z
oce-editor-tools/@oce-editor-tools/joy-verse-navigator,unfoldingWord,JavaScript,@oce-editor-tools/joy-verse-navigator,,,,,"larsgson/jnet-bibel-wiki, larsgson/bibel-wiki, larsgson/td-bibel-wiki, larsgson/pe-bibel-wiki, larsgson/in-bibel-wiki, BSB-publishing/csv2usfm, larsgson/plussord-bibel-wiki, larsgson/en-bibel-wiki, unfoldingWord-box3/beta-bibel-demo, RUN-Collaborations/translatable, DenisArger/my-usfm-editor, larsgson/vscode-ext-usfm-editor-webview, unfoldingWord/oce-oak-render, unfoldingWord/gateway-translate, unfoldingWord/oce-oak-edit, unfoldingWord/door43-preview-app","larsgson, abelpz, RUN-Projects, PhotoNomad0, richmahn",https://github.com/unfoldingWord/oce-editor-tools,2024-07-15T12:12:44Z
oce-editor-tools/@oce-editor-tools/mui-core,unfoldingWord,JavaScript,@oce-editor-tools/mui-core,572.0,2024-01-10T09:42:28.550Z,,epitelete-html,"larsgson/jnet-bibel-wiki, larsgson/bibel-wiki, larsgson/td-bibel-wiki, larsgson/pe-bibel-wiki, larsgson/in-bibel-wiki, BSB-publishing/csv2usfm, larsgson/plussord-bibel-wiki, larsgson/en-bibel-wiki, unfoldingWord-box3/beta-bibel-demo, RUN-Collaborations/translatable, DenisArger/my-usfm-editor, larsgson/vscode-ext-usfm-editor-webview, unfoldingWord/oce-oak-render, unfoldingWord/gateway-translate, unfoldingWord/oce-oak-edit, unfoldingWord/door43-preview-app","larsgson, abelpz, RUN-Projects, PhotoNomad0, richmahn",https://github.com/unfoldingWord/oce-editor-tools,2024-07-15T12:12:44Z
oce-editor-tools/@oce-editor-tools/mui-pk,unfoldingWord,JavaScript,@oce-editor-tools/mui-pk,281.0,2024-01-10T09:45:17.176Z,,"bible-reference-rcl, epitelete-html","larsgson/jnet-bibel-wiki, larsgson/bibel-wiki, larsgson/td-bibel-wiki, larsgson/pe-bibel-wiki, larsgson/in-bibel-wiki, BSB-publishing/csv2usfm, larsgson/plussord-bibel-wiki, larsgson/en-bibel-wiki, unfoldingWord-box3/beta-bibel-demo, RUN-Collaborations/translatable, DenisArger/my-usfm-editor, larsgson/vscode-ext-usfm-editor-webview, unfoldingWord/oce-oak-render, unfoldingWord/gateway-translate, unfoldingWord/oce-oak-edit, unfoldingWord/door43-preview-app","larsgson, abelpz, RUN-Projects, PhotoNomad0, richmahn",https://github.com/unfoldingWord/oce-editor-tools,2024-07-15T12:12:44Z
oce-editor-tools/@oce-editor-tools/mui-simple,unfoldingWord,JavaScript,@oce-editor-tools/mui-simple,331.0,2024-01-10T09:45:39.010Z,,epitelete-html,"larsgson/jnet-bibel-wiki, larsgson/bibel-wiki, larsgson/td-bibel-wiki, larsgson/pe-bibel-wiki, larsgson/in-bibel-wiki, BSB-publishing/csv2usfm, larsgson/plussord-bibel-wiki, larsgson/en-bibel-wiki, unfoldingWord-box3/beta-bibel-demo, RUN-Collaborations/translatable, DenisArger/my-usfm-editor, larsgson/vscode-ext-usfm-editor-webview, unfoldingWord/oce-oak-render, unfoldingWord/gateway-translate, unfoldingWord/oce-oak-edit, unfoldingWord/door43-preview-app","larsgson, abelpz, RUN-Projects, PhotoNomad0, richmahn",https://github.com/unfoldingWord/oce-editor-tools,2024-07-15T12:12:44Z
oce-editor-tools/@oce-editor-tools/mui-verse-navigator,unfoldingWord,JavaScript,@oce-editor-tools/mui-verse-navigator,,,,,"larsgson/jnet-bibel-wiki, larsgson/bibel-wiki, larsgson/td-bibel-wiki, larsgson/pe-bibel-wiki, larsgson/in-bibel-wiki, BSB-publishing/csv2usfm, larsgson/plussord-bibel-wiki, larsgson/en-bibel-wiki, unfoldingWord-box3/beta-bibel-demo, RUN-Collaborations/translatable, DenisArger/my-usfm-editor, larsgson/vscode-ext-usfm-editor-webview, unfoldingWord/oce-oak-render, unfoldingWord/gateway-translate, unfoldingWord/oce-oak-edit, unfoldingWord/door43-preview-app","larsgson, abelpz, RUN-Projects, PhotoNomad0, richmahn",https://github.com/unfoldingWord/oce-editor-tools,2024-07-15T12:12:44Z
oce-editor-tools/@oce-editor-tools/pk-aligner,unfoldingWord,JavaScript,@oce-editor-tools/pk-aligner,,,,"epitelete-html, string-punctuation-tokenizer, word-aligner-rcl","larsgson/jnet-bibel-wiki, larsgson/bibel-wiki, larsgson/td-bibel-wiki, larsgson/pe-bibel-wiki, larsgson/in-bibel-wiki, BSB-publishing/csv2usfm, larsgson/plussord-bibel-wiki, larsgson/en-bibel-wiki, unfoldingWord-box3/beta-bibel-demo, RUN-Collaborations/translatable, DenisArger/my-usfm-editor, larsgson/vscode-ext-usfm-editor-webview, unfoldingWord/oce-oak-render, unfoldingWord/gateway-translate, unfoldingWord/oce-oak-edit, unfoldingWord/door43-preview-app","larsgson, abelpz, RUN-Projects, PhotoNomad0, richmahn",https://github.com/unfoldingWord/oce-editor-tools,2024-07-15T12:12:44Z
oce-editor-tools/@oce-editor-tools/verse-mapper,unfoldingWord,JavaScript,@oce-editor-tools/verse-mapper,82.0,2024-01-10T09:46:28.087Z,,,"larsgson/jnet-bibel-wiki, larsgson/bibel-wiki, larsgson/td-bibel-wiki, larsgson/pe-bibel-wiki, larsgson/in-bibel-wiki, BSB-publishing/csv2usfm, larsgson/plussord-bibel-wiki, larsgson/en-bibel-wiki, unfoldingWord-box3/beta-bibel-demo, RUN-Collaborations/translatable, DenisArger/my-usfm-editor, larsgson/vscode-ext-usfm-editor-webview, unfoldingWord/oce-oak-render, unfoldingWord/gateway-translate, unfoldingWord/oce-oak-edit, unfoldingWord/door43-preview-app","larsgson, abelpz, RUN-Projects, PhotoNomad0, richmahn",https://github.com/unfoldingWord/oce-editor-tools,2024-07-15T12:12:44Z
findr/@findr/mui,unfoldingWord,TypeScript,@findr/mui,,,,,"BSB-publishing/csv2usfm, RUN-Collaborations/translatable, DenisArger/my-usfm-editor, larsgson/vscode-ext-usfm-editor-webview, larsgson/d43-preview, unfoldingWord/oce-oak-edit, unfoldingWord/oce-oak-render, unfoldingWord/gateway-translate, unfoldingWord/oce-editor-tools","abelpz, theNerd247, kintsoogi",https://github.com/unfoldingWord/findr,2023-08-07T13:28:31Z
findr/@findr/perf,unfoldingWord,TypeScript,@findr/perf,,,,,"BSB-publishing/csv2usfm, RUN-Collaborations/translatable, DenisArger/my-usfm-editor, larsgson/vscode-ext-usfm-editor-webview, larsgson/d43-preview, unfoldingWord/oce-oak-edit, unfoldingWord/oce-oak-render, unfoldingWord/gateway-translate, unfoldingWord/oce-editor-tools","abelpz, theNerd247, kintsoogi",https://github.com/unfoldingWord/findr,2023-08-07T13:28:31Z
findr/@findr/react,unfoldingWord,TypeScript,@findr/react,,,,,"BSB-publishing/csv2usfm, RUN-Collaborations/translatable, DenisArger/my-usfm-editor, larsgson/vscode-ext-usfm-editor-webview, larsgson/d43-preview, unfoldingWord/oce-oak-edit, unfoldingWord/oce-oak-render, unfoldingWord/gateway-translate, unfoldingWord/oce-editor-tools","abelpz, theNerd247, kintsoogi",https://github.com/unfoldingWord/findr,2023-08-07T13:28:31Z
findr/@findr/text,unfoldingWord,TypeScript,@findr/text,,,,,"BSB-publishing/csv2usfm, RUN-Collaborations/translatable, DenisArger/my-usfm-editor, larsgson/vscode-ext-usfm-editor-webview, larsgson/d43-preview, unfoldingWord/oce-oak-edit, unfoldingWord/oce-oak-render, unfoldingWord/gateway-translate, unfoldingWord/oce-editor-tools","abelpz, theNerd247, kintsoogi",https://github.com/unfoldingWord/findr,2023-08-07T13:28:31Z
dcs-packages/dcs-js-example,unfoldingWord,TypeScript,dcs-js-example,,,,dcs-js,,abelpz,https://github.com/unfoldingWord/dcs-packages,2022-08-25T21:38:49Z
dcs-packages/dcs-js,unfoldingWord,TypeScript,dcs-js,510.0,2022-11-02T13:18:25.384Z,,,,abelpz,https://github.com/unfoldingWord/dcs-packages,2022-08-25T21:38:49Z
dcs-packages/dcs-ts,unfoldingWord,TypeScript,dcs-ts,,,,,,abelpz,https://github.com/unfoldingWord/dcs-packages,2022-08-25T21:38:49Z
dcs-packages/vite-project,unfoldingWord,TypeScript,vite-project,,,,,,abelpz,https://github.com/unfoldingWord/dcs-packages,2022-08-25T21:38:49Z
