repo name,language,organization name,repo url,last edit date
bt-servant-worker,TypeScript,unfoldingWord,https://github.com/unfoldingWord/bt-servant-worker,2026-05-12T14:47:34Z
gitea-react-toolkit,JavaScript,unfoldingWord,https://github.com/unfoldingWord/gitea-react-toolkit,2026-05-12T13:17:57Z
uw-content-validation,JavaScript,unfoldingWord,https://github.com/unfoldingWord/uw-content-validation,2026-05-12T13:07:30Z
bt-servant-web-client,TypeScript,unfoldingWord,https://github.com/unfoldingWord/bt-servant-web-client,2026-05-12T05:52:39Z
bt-servant-admin-portal,TypeScript,unfoldingWord,https://github.com/unfoldingWord/bt-servant-admin-portal,2026-05-11T23:01:39Z
gateway-edit,JavaScript,unfoldingWord,https://github.com/unfoldingWord/gateway-edit,2026-05-11T20:47:56Z
tc-study,TypeScript,unfoldingWord,https://github.com/unfoldingWord/tc-study,2026-05-11T19:02:48Z
bp-assistant-skills,JavaScript,unfoldingWord,https://github.com/unfoldingWord/bp-assistant-skills,2026-05-11T16:42:36Z
obsidian-headless-sync-docker,Dockerfile,unfoldingWord,https://github.com/unfoldingWord/obsidian-headless-sync-docker,2026-05-11T13:25:14Z
fred-zulip-bot-worker,TypeScript,unfoldingWord,https://github.com/unfoldingWord/fred-zulip-bot-worker,2026-05-09T16:01:43Z
bt-servant-telegram-gateway,TypeScript,unfoldingWord,https://github.com/unfoldingWord/bt-servant-telegram-gateway,2026-05-09T12:43:13Z
bp-assistant,JavaScript,unfoldingWord,https://github.com/unfoldingWord/bp-assistant,2026-05-08T23:25:39Z
loki-exporter,Python,unfoldingWord,https://github.com/unfoldingWord/loki-exporter,2026-05-08T16:01:37Z
fred-mcp,Go,unfoldingWord,https://github.com/unfoldingWord/fred-mcp,2026-05-07T01:50:40Z
bt-servant-site,CSS,unfoldingWord,https://github.com/unfoldingWord/bt-servant-site,2026-05-05T20:52:03Z
translation-helps-mcp,TypeScript,unfoldingWord,https://github.com/unfoldingWord/translation-helps-mcp,2026-05-05T16:33:48Z
obs-app,TypeScript,unfoldingWord,https://github.com/unfoldingWord/obs-app,2026-05-05T15:16:31Z
bt-servant-whatsapp-gateway,TypeScript,unfoldingWord,https://github.com/unfoldingWord/bt-servant-whatsapp-gateway,2026-04-30T15:09:54Z
go-rc2sb,Go,unfoldingWord,https://github.com/unfoldingWord/go-rc2sb,2026-04-28T20:21:57Z
obs-web,HTML,unfoldingWord,https://github.com/unfoldingWord/obs-web,2026-04-27T00:53:46Z
bt-servant-telemetry,,unfoldingWord,https://github.com/unfoldingWord/bt-servant-telemetry,2026-04-24T13:55:19Z
baruch,TypeScript,unfoldingWord,https://github.com/unfoldingWord/baruch,2026-04-20T22:22:05Z
dcs,Go,unfoldingWord,https://github.com/unfoldingWord/dcs,2026-04-19T02:36:49Z
single-scripture-rcl,TypeScript,unfoldingWord,https://github.com/unfoldingWord/single-scripture-rcl,2026-04-16T17:24:46Z
orthography-app-FE,Dart,unfoldingWord,https://github.com/unfoldingWord/orthography-app-FE,2026-04-16T08:08:11Z
orthography-app-BE,JavaScript,unfoldingWord,https://github.com/unfoldingWord/orthography-app-BE,2026-04-16T08:07:38Z
tsv-twl-creation-app,JavaScript,unfoldingWord,https://github.com/unfoldingWord/tsv-twl-creation-app,2026-04-12T12:21:52Z
tsv-quote-converters,JavaScript,unfoldingWord,https://github.com/unfoldingWord/tsv-quote-converters,2026-04-12T12:12:37Z
node-twl-generator,JavaScript,unfoldingWord,https://github.com/unfoldingWord/node-twl-generator,2026-04-09T20:31:43Z
tc-helps-skills,,unfoldingWord,https://github.com/unfoldingWord/tc-helps-skills,2026-04-07T21:29:27Z
inventoryst,Python,unfoldingWord,https://github.com/unfoldingWord/inventoryst,2026-04-02T09:43:48Z
translation-helps-rcl,JavaScript,unfoldingWord,https://github.com/unfoldingWord/translation-helps-rcl,2026-03-27T22:00:59Z
dcs-branch-merger,JavaScript,unfoldingWord,https://github.com/unfoldingWord/dcs-branch-merger,2026-03-27T21:56:46Z
enhanced-word-aligner-rcl,TypeScript,unfoldingWord,https://github.com/unfoldingWord/enhanced-word-aligner-rcl,2026-03-24T14:39:30Z
scripture-resources-rcl,JavaScript,unfoldingWord,https://github.com/unfoldingWord/scripture-resources-rcl,2026-03-19T13:23:28Z
word-aligner-rcl,JavaScript,unfoldingWord,https://github.com/unfoldingWord/word-aligner-rcl,2026-03-19T13:15:19Z
obt,JavaScript,unfoldingWord,https://github.com/unfoldingWord/obt,2026-03-18T14:39:46Z
door43.org,JavaScript,unfoldingWord,https://github.com/unfoldingWord/door43.org,2026-03-15T03:14:46Z
bt-servant-kb-worker,,unfoldingWord,https://github.com/unfoldingWord/bt-servant-kb-worker,2026-03-14T00:10:02Z
fia-kb,Python,unfoldingWord,https://github.com/unfoldingWord/fia-kb,2026-03-13T19:46:02Z
fia-mcp,TypeScript,unfoldingWord,https://github.com/unfoldingWord/fia-mcp,2026-03-11T19:28:18Z
Brown-Driver-Briggs-Enhanced,HTML,unfoldingWord,https://github.com/unfoldingWord/Brown-Driver-Briggs-Enhanced,2026-03-10T18:58:39Z
uw-quote-helpers,JavaScript,unfoldingWord,https://github.com/unfoldingWord/uw-quote-helpers,2026-03-10T00:05:55Z
wordmapbooster,TypeScript,unfoldingWord,https://github.com/unfoldingWord/wordmapbooster,2026-03-09T13:39:14Z
datatable-translatable,JavaScript,unfoldingWord,https://github.com/unfoldingWord/datatable-translatable,2026-03-04T13:45:00Z
claude_security_sentinel,Python,unfoldingWord,https://github.com/unfoldingWord/claude_security_sentinel,2026-03-02T19:57:47Z
tc-create-app,JavaScript,unfoldingWord,https://github.com/unfoldingWord/tc-create-app,2026-02-26T19:37:00Z
MediaWiki-USFMTag,PHP,unfoldingWord,https://github.com/unfoldingWord/MediaWiki-USFMTag,2026-02-23T14:45:18Z
bt-servant-message-broker,Python,unfoldingWord,https://github.com/unfoldingWord/bt-servant-message-broker,2026-02-20T00:14:18Z
metrics,Python,unfoldingWord,https://github.com/unfoldingWord/metrics,2026-02-18T15:31:37Z
electronite,C++,unfoldingWord,https://github.com/unfoldingWord/electronite,2026-02-15T19:31:44Z
door43-preview-renderers,JavaScript,unfoldingWord,https://github.com/unfoldingWord/door43-preview-renderers,2026-02-11T16:15:30Z
data_tracking_import,Python,unfoldingWord,https://github.com/unfoldingWord/data_tracking_import,2026-02-03T19:14:08Z
odd-claude-plugin,,unfoldingWord,https://github.com/unfoldingWord/odd-claude-plugin,2026-01-22T20:16:13Z
usfm-alignment-remover-app,JavaScript,unfoldingWord,https://github.com/unfoldingWord/usfm-alignment-remover-app,2026-01-21T23:17:11Z
bt-servant-log-viewer,Svelte,unfoldingWord,https://github.com/unfoldingWord/bt-servant-log-viewer,2026-01-16T23:13:43Z
door43-preview-app,JavaScript,unfoldingWord,https://github.com/unfoldingWord/door43-preview-app,2026-01-16T16:17:34Z
bt-servant-engine,Python,unfoldingWord,https://github.com/unfoldingWord/bt-servant-engine,2026-01-16T14:04:21Z
bt-servant-engine-data-loaders,Python,unfoldingWord,https://github.com/unfoldingWord/bt-servant-engine-data-loaders,2026-01-15T00:36:42Z
translationCore,JavaScript,unfoldingWord,https://github.com/unfoldingWord/translationCore,2026-01-06T21:26:25Z
usfm-js,JavaScript,unfoldingWord,https://github.com/unfoldingWord/usfm-js,2026-01-06T16:10:55Z
Unlocked-Greek-New-Testament,HTML,unfoldingWord,https://github.com/unfoldingWord/Unlocked-Greek-New-Testament,2025-12-28T01:08:22Z
minitracker,Python,unfoldingWord,https://github.com/unfoldingWord/minitracker,2025-12-22T15:45:45Z
language-search,Python,unfoldingWord,https://github.com/unfoldingWord/language-search,2025-12-18T16:25:08Z
bt-servant-report-sender,Python,unfoldingWord,https://github.com/unfoldingWord/bt-servant-report-sender,2025-12-17T16:47:41Z
word-aligner-lib,JavaScript,unfoldingWord,https://github.com/unfoldingWord/word-aligner-lib,2025-12-16T18:01:28Z
dcs-homepage,Dockerfile,unfoldingWord,https://github.com/unfoldingWord/dcs-homepage,2025-12-15T15:40:12Z
kr1-data-scripts,Python,unfoldingWord,https://github.com/unfoldingWord/kr1-data-scripts,2025-12-12T04:31:59Z
tsv7-tn-cleanup-app,JavaScript,unfoldingWord,https://github.com/unfoldingWord/tsv7-tn-cleanup-app,2025-12-11T23:11:20Z
ulb-en,,unfoldingWord,https://github.com/unfoldingWord/ulb-en,2025-12-05T15:37:06Z
data_tracking_wrangler,R,unfoldingWord,https://github.com/unfoldingWord/data_tracking_wrangler,2025-12-02T16:38:55Z
tsv-groupdata-parser,JavaScript,unfoldingWord,https://github.com/unfoldingWord/tsv-groupdata-parser,2025-12-01T15:19:13Z
dbbackupr2,Python,unfoldingWord,https://github.com/unfoldingWord/dbbackupr2,2025-11-27T12:19:25Z
door43-preview-actions,Python,unfoldingWord,https://github.com/unfoldingWord/door43-preview-actions,2025-11-23T22:33:00Z
node-cli-add-gl-quotes-to-tsv-files,JavaScript,unfoldingWord,https://github.com/unfoldingWord/node-cli-add-gl-quotes-to-tsv-files,2025-11-03T22:53:18Z
tc-source-content-updater,JavaScript,unfoldingWord,https://github.com/unfoldingWord/tc-source-content-updater,2025-10-28T18:14:43Z
checking-tool-rcl,JavaScript,unfoldingWord,https://github.com/unfoldingWord/checking-tool-rcl,2025-10-20T15:57:32Z
fred-zulip-bot,Python,unfoldingWord,https://github.com/unfoldingWord/fred-zulip-bot,2025-10-07T20:31:31Z
unfoldingWord,,unfoldingWord,https://github.com/unfoldingWord/unfoldingWord,2025-10-02T14:13:18Z
unfoldingWord.github.io-old,JavaScript,unfoldingWord,https://github.com/unfoldingWord/unfoldingWord.github.io-old,2025-10-02T14:12:10Z
word-aligner,JavaScript,unfoldingWord,https://github.com/unfoldingWord/word-aligner,2025-09-26T11:17:46Z
uW-Tools-Collab,,unfoldingWord,https://github.com/unfoldingWord/uW-Tools-Collab,2025-09-12T15:52:50Z
lambda-tw-strongs-list-generator,,unfoldingWord,https://github.com/unfoldingWord/lambda-tw-strongs-list-generator,2025-09-10T12:36:11Z
door43-preview-server,JavaScript,unfoldingWord,https://github.com/unfoldingWord/door43-preview-server,2025-09-09T09:17:22Z
obs-pdf,TeX,unfoldingWord,https://github.com/unfoldingWord/obs-pdf,2025-09-09T09:10:04Z
ts-v2-catalog-backport,Python,unfoldingWord,https://github.com/unfoldingWord/ts-v2-catalog-backport,2025-09-09T08:54:13Z
wordMAP,TypeScript,unfoldingWord,https://github.com/unfoldingWord/wordMAP,2025-08-25T16:40:45Z
gateway-admin,JavaScript,unfoldingWord,https://github.com/unfoldingWord/gateway-admin,2025-08-19T18:09:19Z
download-link-tracker,HTML,unfoldingWord,https://github.com/unfoldingWord/download-link-tracker,2025-06-06T21:39:46Z
uw-website-resource-version-updater,HTML,unfoldingWord,https://github.com/unfoldingWord/uw-website-resource-version-updater,2025-06-04T22:06:08Z
discourse-mermaid,JavaScript,unfoldingWord,https://github.com/unfoldingWord/discourse-mermaid,2025-05-13T01:56:41Z
markdown-translatable,JavaScript,unfoldingWord,https://github.com/unfoldingWord/markdown-translatable,2025-04-03T14:40:01Z
wordAlignment,JavaScript,unfoldingWord,https://github.com/unfoldingWord/wordAlignment,2025-03-24T11:04:25Z
open-languages,TypeScript,unfoldingWord,https://github.com/unfoldingWord/open-languages,2025-02-06T18:22:44Z
tc-ui-toolkit,JavaScript,unfoldingWord,https://github.com/unfoldingWord/tc-ui-toolkit,2024-12-31T18:52:44Z
translationWords,JavaScript,unfoldingWord,https://github.com/unfoldingWord/translationWords,2024-12-10T20:41:31Z
translationNotes,JavaScript,unfoldingWord,https://github.com/unfoldingWord/translationNotes,2024-12-10T20:28:05Z
checking-tool-wrapper,JavaScript,unfoldingWord,https://github.com/unfoldingWord/checking-tool-wrapper,2024-12-06T22:02:15Z
tn-tsv7-to-tsv8,,unfoldingWord,https://github.com/unfoldingWord/tn-tsv7-to-tsv8,2024-11-14T10:49:22Z
dcs-catalog-accordion-rcl,JavaScript,unfoldingWord,https://github.com/unfoldingWord/dcs-catalog-accordion-rcl,2024-10-16T18:37:47Z
world-language-map-rcl,JavaScript,unfoldingWord,https://github.com/unfoldingWord/world-language-map-rcl,2024-10-13T01:07:56Z
GWE-Tests,,unfoldingWord,https://github.com/unfoldingWord/GWE-Tests,2024-07-29T13:32:27Z
oce-editor-tools,JavaScript,unfoldingWord,https://github.com/unfoldingWord/oce-editor-tools,2024-07-15T12:12:44Z
tx-job-handler,Python,unfoldingWord,https://github.com/unfoldingWord/tx-job-handler,2024-06-21T20:23:02Z
bible-reference-rcl,JavaScript,unfoldingWord,https://github.com/unfoldingWord/bible-reference-rcl,2024-06-04T12:38:45Z
open-components-hackathon-website,TypeScript,unfoldingWord,https://github.com/unfoldingWord/open-components-hackathon-website,2024-05-22T10:11:28Z
scripture-tsv,TypeScript,unfoldingWord,https://github.com/unfoldingWord/scripture-tsv,2024-05-07T12:40:37Z
tx-enqueue-job,Python,unfoldingWord,https://github.com/unfoldingWord/tx-enqueue-job,2024-02-06T15:23:21Z
door43-job-handler,Python,unfoldingWord,https://github.com/unfoldingWord/door43-job-handler,2024-02-06T15:21:33Z
oce-print-preview-tools,,unfoldingWord,https://github.com/unfoldingWord/oce-print-preview-tools,2023-12-14T00:56:44Z
dcs-local,Shell,unfoldingWord,https://github.com/unfoldingWord/dcs-local,2023-10-06T04:52:20Z
dcs-templates,,unfoldingWord,https://github.com/unfoldingWord/dcs-templates,2023-09-27T18:53:50Z
oce-oak-edit,JavaScript,unfoldingWord,https://github.com/unfoldingWord/oce-oak-edit,2023-09-18T05:39:45Z
oce-oak-render,JavaScript,unfoldingWord,https://github.com/unfoldingWord/oce-oak-render,2023-09-13T16:01:45Z
string-punctuation-tokenizer,JavaScript,unfoldingWord,https://github.com/unfoldingWord/string-punctuation-tokenizer,2023-08-09T13:57:50Z
door43-library,HTML,unfoldingWord,https://github.com/unfoldingWord/door43-library,2023-08-08T13:52:06Z
findr,TypeScript,unfoldingWord,https://github.com/unfoldingWord/findr,2023-08-07T13:28:31Z
bible-reference-range,JavaScript,unfoldingWord,https://github.com/unfoldingWord/bible-reference-range,2023-07-19T04:20:40Z
.github,,unfoldingWord,https://github.com/unfoldingWord/.github,2023-06-23T17:54:35Z
en_obs_tf,SCSS,unfoldingWord,https://github.com/unfoldingWord/en_obs_tf,2023-06-07T19:49:43Z
td-legacy,HTML,unfoldingWord,https://github.com/unfoldingWord/td-legacy,2023-06-06T09:41:14Z
uw-tsv-parser,TypeScript,unfoldingWord,https://github.com/unfoldingWord/uw-tsv-parser,2023-05-31T22:28:33Z
door43-enqueue-job-test,Python,unfoldingWord,https://github.com/unfoldingWord/door43-enqueue-job-test,2023-04-19T13:51:02Z
uw-scripture-parser,JavaScript,unfoldingWord,https://github.com/unfoldingWord/uw-scripture-parser,2023-03-15T02:11:57Z
electronite-forge,,unfoldingWord,https://github.com/unfoldingWord/electronite-forge,2023-02-21T17:18:35Z
tCCreateQA-Daniel,,unfoldingWord,https://github.com/unfoldingWord/tCCreateQA-Daniel,2023-02-15T18:34:00Z
epitelete-html,JavaScript,unfoldingWord,https://github.com/unfoldingWord/epitelete-html,2023-02-02T13:14:15Z
dcs-home-page-old,Dockerfile,unfoldingWord,https://github.com/unfoldingWord/dcs-home-page-old,2023-01-31T23:27:02Z
obs-sgj,HTML,unfoldingWord,https://github.com/unfoldingWord/obs-sgj,2023-01-28T17:00:18Z
obs-ha,HTML,unfoldingWord,https://github.com/unfoldingWord/obs-ha,2023-01-28T16:58:28Z
obs-ru,HTML,unfoldingWord,https://github.com/unfoldingWord/obs-ru,2023-01-28T16:58:28Z
obs-en,HTML,unfoldingWord,https://github.com/unfoldingWord/obs-en,2023-01-28T16:58:28Z
obs-lpx,,unfoldingWord,https://github.com/unfoldingWord/obs-lpx,2023-01-28T16:58:22Z
obs-ur,HTML,unfoldingWord,https://github.com/unfoldingWord/obs-ur,2023-01-28T16:58:22Z
obs-gu,HTML,unfoldingWord,https://github.com/unfoldingWord/obs-gu,2023-01-28T16:58:22Z
obs-or,HTML,unfoldingWord,https://github.com/unfoldingWord/obs-or,2023-01-28T16:58:21Z
obs-tdj,,unfoldingWord,https://github.com/unfoldingWord/obs-tdj,2023-01-28T16:58:19Z
obs-hu,,unfoldingWord,https://github.com/unfoldingWord/obs-hu,2023-01-28T16:58:19Z
obs-tl,,unfoldingWord,https://github.com/unfoldingWord/obs-tl,2023-01-28T16:58:19Z
obs-gaj-x-ymnk,Standard ML,unfoldingWord,https://github.com/unfoldingWord/obs-gaj-x-ymnk,2023-01-28T16:58:19Z
obs-hmr,Standard ML,unfoldingWord,https://github.com/unfoldingWord/obs-hmr,2023-01-28T16:58:18Z
obs-gof,,unfoldingWord,https://github.com/unfoldingWord/obs-gof,2023-01-28T16:58:18Z
obs-ceb,Standard ML,unfoldingWord,https://github.com/unfoldingWord/obs-ceb,2023-01-28T16:58:18Z
obs-ne,HTML,unfoldingWord,https://github.com/unfoldingWord/obs-ne,2023-01-28T16:58:18Z
obs-vi,HTML,unfoldingWord,https://github.com/unfoldingWord/obs-vi,2023-01-28T16:58:18Z
obs-es-419,HTML,unfoldingWord,https://github.com/unfoldingWord/obs-es-419,2023-01-28T16:58:18Z
obs-hi,HTML,unfoldingWord,https://github.com/unfoldingWord/obs-hi,2023-01-28T16:58:18Z
obs-mr,HTML,unfoldingWord,https://github.com/unfoldingWord/obs-mr,2023-01-28T16:58:18Z
obs-bn,HTML,unfoldingWord,https://github.com/unfoldingWord/obs-bn,2023-01-28T16:58:17Z
obs-pa,HTML,unfoldingWord,https://github.com/unfoldingWord/obs-pa,2023-01-28T16:58:17Z
obs-tpi,HTML,unfoldingWord,https://github.com/unfoldingWord/obs-tpi,2023-01-28T16:58:17Z
obs-tr,HTML,unfoldingWord,https://github.com/unfoldingWord/obs-tr,2023-01-28T16:58:17Z
obs-am,HTML,unfoldingWord,https://github.com/unfoldingWord/obs-am,2023-01-28T16:58:17Z
obs-pt-br,HTML,unfoldingWord,https://github.com/unfoldingWord/obs-pt-br,2023-01-28T16:58:17Z
obs-fr,HTML,unfoldingWord,https://github.com/unfoldingWord/obs-fr,2023-01-28T16:58:17Z
obs-fa,HTML,unfoldingWord,https://github.com/unfoldingWord/obs-fa,2023-01-28T16:58:16Z
obs-es,HTML,unfoldingWord,https://github.com/unfoldingWord/obs-es,2023-01-28T16:58:16Z
Unlocked-Greek-Lexicon,,unfoldingWord,https://github.com/unfoldingWord/Unlocked-Greek-Lexicon,2023-01-28T16:52:17Z
ulb-pt-br,,unfoldingWord,https://github.com/unfoldingWord/ulb-pt-br,2023-01-28T16:52:17Z
avd-ar,,unfoldingWord,https://github.com/unfoldingWord/avd-ar,2023-01-28T16:52:17Z
udb-en,,unfoldingWord,https://github.com/unfoldingWord/udb-en,2023-01-28T16:52:17Z
gateway-translate,JavaScript,unfoldingWord,https://github.com/unfoldingWord/gateway-translate,2023-01-21T16:44:36Z
tx-dev,PHP,unfoldingWord,https://github.com/unfoldingWord/tx-dev,2022-12-12T05:15:44Z
tc-tsv-converter,JavaScript,unfoldingWord,https://github.com/unfoldingWord/tc-tsv-converter,2022-11-15T23:06:04Z
wordMAP-usfm,TypeScript,unfoldingWord,https://github.com/unfoldingWord/wordMAP-usfm,2022-11-13T22:45:42Z
uw-pdf-preview,JavaScript,unfoldingWord,https://github.com/unfoldingWord/uw-pdf-preview,2022-11-08T15:51:52Z
keybase_git_backup,Python,unfoldingWord,https://github.com/unfoldingWord/keybase_git_backup,2022-10-31T10:09:39Z
dcs-js,TypeScript,unfoldingWord,https://github.com/unfoldingWord/dcs-js,2022-10-29T01:30:37Z
uw-editor,JavaScript,unfoldingWord,https://github.com/unfoldingWord/uw-editor,2022-10-19T03:29:50Z
cloudfront_logprocessor,Python,unfoldingWord,https://github.com/unfoldingWord/cloudfront_logprocessor,2022-10-06T08:25:01Z
tx-dev-dcs,Shell,unfoldingWord,https://github.com/unfoldingWord/tx-dev-dcs,2022-10-05T18:56:57Z
python-dcs-api-client,Python,unfoldingWord,https://github.com/unfoldingWord/python-dcs-api-client,2022-10-04T15:56:11Z
python-dcs-catalog-client,Python,unfoldingWord,https://github.com/unfoldingWord/python-dcs-catalog-client,2022-10-04T15:55:38Z
door43-enqueue-job,Python,unfoldingWord,https://github.com/unfoldingWord/door43-enqueue-job,2022-10-04T15:44:46Z
door43-catalog-job-handler,Python,unfoldingWord,https://github.com/unfoldingWord/door43-catalog-job-handler,2022-10-04T15:44:21Z
dcs-packages,TypeScript,unfoldingWord,https://github.com/unfoldingWord/dcs-packages,2022-08-25T21:38:49Z
blank-project-template,,unfoldingWord,https://github.com/unfoldingWord/blank-project-template,2022-08-20T15:23:15Z
proskomma-react-hooks,HTML,unfoldingWord,https://github.com/unfoldingWord/proskomma-react-hooks,2022-06-17T15:50:39Z
dcs-react-hooks,JavaScript,unfoldingWord,https://github.com/unfoldingWord/dcs-react-hooks,2022-06-17T15:48:50Z
book-package-rcl,JavaScript,unfoldingWord,https://github.com/unfoldingWord/book-package-rcl,2022-06-14T14:25:45Z
resource-workspace-rcl,JavaScript,unfoldingWord,https://github.com/unfoldingWord/resource-workspace-rcl,2022-06-01T15:53:36Z
uw-languages-rcl,JavaScript,unfoldingWord,https://github.com/unfoldingWord/uw-languages-rcl,2022-06-01T12:49:38Z
tcCreateQA-elsy,HTML,unfoldingWord,https://github.com/unfoldingWord/tcCreateQA-elsy,2022-04-21T19:00:59Z
dcs-docs,,unfoldingWord,https://github.com/unfoldingWord/dcs-docs,2022-02-25T23:02:31Z
book-package-app,TypeScript,unfoldingWord,https://github.com/unfoldingWord/book-package-app,2021-12-17T13:15:30Z
rc-schema,,unfoldingWord,https://github.com/unfoldingWord/rc-schema,2021-11-30T18:22:18Z
gl_database_code,,unfoldingWord,https://github.com/unfoldingWord/gl_database_code,2021-10-14T15:01:45Z
Katalon-gatewayEdit-Elsy,HTML,unfoldingWord,https://github.com/unfoldingWord/Katalon-gatewayEdit-Elsy,2021-09-01T17:45:03Z
Katalon_tC_Create,HTML,unfoldingWord,https://github.com/unfoldingWord/Katalon_tC_Create,2021-07-08T17:16:26Z
Katalon_MD-TSV_Converter_Koz,Groovy,unfoldingWord,https://github.com/unfoldingWord/Katalon_MD-TSV_Converter_Koz,2021-07-01T04:36:22Z
catalog-next-toolkit,TypeScript,unfoldingWord,https://github.com/unfoldingWord/catalog-next-toolkit,2021-06-15T13:39:33Z
Katalon-gatewayEdit-Koz,,unfoldingWord,https://github.com/unfoldingWord/Katalon-gatewayEdit-Koz,2021-05-22T18:43:04Z
gl_database,,unfoldingWord,https://github.com/unfoldingWord/gl_database,2021-01-21T20:44:49Z
eslint-config,JavaScript,unfoldingWord,https://github.com/unfoldingWord/eslint-config,2020-12-15T23:29:10Z
uw-word-count,JavaScript,unfoldingWord,https://github.com/unfoldingWord/uw-word-count,2020-08-11T13:41:55Z
usfm-js-wrapper,JavaScript,unfoldingWord,https://github.com/unfoldingWord/usfm-js-wrapper,2020-05-26T20:17:20Z
dw_redirects,,unfoldingWord,https://github.com/unfoldingWord/dw_redirects,2020-05-14T14:42:44Z
wordMAP-lexer,TypeScript,unfoldingWord,https://github.com/unfoldingWord/wordMAP-lexer,2020-04-22T13:12:03Z
tc-tool,JavaScript,unfoldingWord,https://github.com/unfoldingWord/tc-tool,2020-04-16T01:20:15Z
tc-electron-env,,unfoldingWord,https://github.com/unfoldingWord/tc-electron-env,2020-03-23T19:09:57Z
t-core-submodule-updater,JavaScript,unfoldingWord,https://github.com/unfoldingWord/t-core-submodule-updater,2019-10-22T20:22:23Z
tc-strings,JavaScript,unfoldingWord,https://github.com/unfoldingWord/tc-strings,2019-10-22T19:46:14Z
selections,JavaScript,unfoldingWord,https://github.com/unfoldingWord/selections,2019-10-22T19:45:39Z
ts-desktop,HTML,unfoldingWord-dev,https://github.com/unfoldingWord-dev/ts-desktop,2026-04-22T14:46:49Z
ts-android,Java,unfoldingWord-dev,https://github.com/unfoldingWord-dev/ts-android,2026-04-22T14:45:07Z
tx-door43,Python,unfoldingWord-dev,https://github.com/unfoldingWord-dev/tx-door43,2026-03-15T03:15:10Z
tools,Python,unfoldingWord-dev,https://github.com/unfoldingWord-dev/tools,2026-03-15T03:14:48Z
Door43,PHP,unfoldingWord-dev,https://github.com/unfoldingWord-dev/Door43,2026-03-15T03:14:44Z
USFM-Utils,Python,unfoldingWord-dev,https://github.com/unfoldingWord-dev/USFM-Utils,2026-02-23T14:45:47Z
Unlocked-Bible-Commentary-Info,,unfoldingWord-dev,https://github.com/unfoldingWord-dev/Unlocked-Bible-Commentary-Info,2025-12-09T15:21:29Z
Unlocked-Bible-Notes-Info,,unfoldingWord-dev,https://github.com/unfoldingWord-dev/Unlocked-Bible-Notes-Info,2025-12-09T15:21:13Z
USFM-Tools,Python,unfoldingWord-dev,https://github.com/unfoldingWord-dev/USFM-Tools,2025-12-05T16:07:19Z
hackathon-zpp,,unfoldingWord-dev,https://github.com/unfoldingWord-dev/hackathon-zpp,2025-12-03T19:19:04Z
submachine,Python,unfoldingWord-dev,https://github.com/unfoldingWord-dev/submachine,2025-10-28T15:18:59Z
Unlocked-Greek-Lexicon-Info,,unfoldingWord-dev,https://github.com/unfoldingWord-dev/Unlocked-Greek-Lexicon-Info,2025-10-09T11:26:58Z
Unlocked-Grammar-Info,,unfoldingWord-dev,https://github.com/unfoldingWord-dev/Unlocked-Grammar-Info,2025-10-09T11:10:42Z
tx-manager-lambda,Python,unfoldingWord-dev,https://github.com/unfoldingWord-dev/tx-manager-lambda,2025-10-09T10:59:32Z
tx,Python,unfoldingWord-dev,https://github.com/unfoldingWord-dev/tx,2025-10-09T10:49:37Z
translationStudio-Info,,unfoldingWord-dev,https://github.com/unfoldingWord-dev/translationStudio-Info,2025-10-09T10:40:07Z
translationRecorder-Info,,unfoldingWord-dev,https://github.com/unfoldingWord-dev/translationRecorder-Info,2025-10-09T10:37:04Z
Resource-Container,Makefile,unfoldingWord-dev,https://github.com/unfoldingWord-dev/Resource-Container,2025-10-09T10:27:37Z
gogs-custom,Shell,unfoldingWord-dev,https://github.com/unfoldingWord-dev/gogs-custom,2025-10-02T14:14:06Z
uw-ios,C,unfoldingWord-dev,https://github.com/unfoldingWord-dev/uw-ios,2025-10-02T14:12:49Z
uw-android,Java,unfoldingWord-dev,https://github.com/unfoldingWord-dev/uw-android,2025-10-02T14:11:55Z
tn_add_scripture_links,Python,unfoldingWord-dev,https://github.com/unfoldingWord-dev/tn_add_scripture_links,2025-07-29T19:12:09Z
alignment-transferer,,unfoldingWord-dev,https://github.com/unfoldingWord-dev/alignment-transferer,2025-06-17T18:57:53Z
python-gitea-client,Python,unfoldingWord-dev,https://github.com/unfoldingWord-dev/python-gitea-client,2025-02-23T11:58:32Z
android-gogs-client,Java,unfoldingWord-dev,https://github.com/unfoldingWord-dev/android-gogs-client,2024-12-11T07:18:00Z
d43-catalog,Python,unfoldingWord-dev,https://github.com/unfoldingWord-dev/d43-catalog,2024-10-21T07:58:18Z
node-gogs-client,JavaScript,unfoldingWord-dev,https://github.com/unfoldingWord-dev/node-gogs-client,2024-06-21T17:58:57Z
tx-manager,Python,unfoldingWord-dev,https://github.com/unfoldingWord-dev/tx-manager,2024-05-22T13:48:54Z
translationKeyboard,Java,unfoldingWord-dev,https://github.com/unfoldingWord-dev/translationKeyboard,2024-03-11T22:35:12Z
translationDatabaseWeb,Python,unfoldingWord-dev,https://github.com/unfoldingWord-dev/translationDatabaseWeb,2023-12-05T16:16:56Z
api-index,,unfoldingWord-dev,https://github.com/unfoldingWord-dev/api-index,2023-10-06T14:53:06Z
electronite-packager,JavaScript,unfoldingWord-dev,https://github.com/unfoldingWord-dev/electronite-packager,2023-09-18T17:18:06Z
electronite-builder,,unfoldingWord-dev,https://github.com/unfoldingWord-dev/electronite-builder,2023-09-18T17:12:15Z
electronite-cli,JavaScript,unfoldingWord-dev,https://github.com/unfoldingWord-dev/electronite-cli,2023-09-04T12:03:41Z
concourse-pipeline,Shell,unfoldingWord-dev,https://github.com/unfoldingWord-dev/concourse-pipeline,2023-08-12T13:51:42Z
translationHelps,JavaScript,unfoldingWord-dev,https://github.com/unfoldingWord-dev/translationHelps,2023-01-28T16:52:06Z
example_tool,JavaScript,unfoldingWord-dev,https://github.com/unfoldingWord-dev/example_tool,2023-01-28T16:52:06Z
tC_Resources,JavaScript,unfoldingWord-dev,https://github.com/unfoldingWord-dev/tC_Resources,2023-01-28T16:35:42Z
VerseCheck,JavaScript,unfoldingWord-dev,https://github.com/unfoldingWord-dev/VerseCheck,2023-01-28T16:35:42Z
pub.distantshores.org,HTML,unfoldingWord-dev,https://github.com/unfoldingWord-dev/pub.distantshores.org,2023-01-28T16:19:09Z
door43-acceptance-tests,Python,unfoldingWord-dev,https://github.com/unfoldingWord-dev/door43-acceptance-tests,2023-01-28T16:19:09Z
translation_academy,JavaScript,unfoldingWord-dev,https://github.com/unfoldingWord-dev/translation_academy,2023-01-28T16:19:09Z
proposed_changes_module,JavaScript,unfoldingWord-dev,https://github.com/unfoldingWord-dev/proposed_changes_module,2023-01-28T16:19:09Z
design,,unfoldingWord-dev,https://github.com/unfoldingWord-dev/design,2023-01-28T16:19:08Z
tx-simple-usfm2html,Python,unfoldingWord-dev,https://github.com/unfoldingWord-dev/tx-simple-usfm2html,2023-01-28T16:19:08Z
old-tx-manager,Python,unfoldingWord-dev,https://github.com/unfoldingWord-dev/old-tx-manager,2023-01-28T16:19:08Z
obs-door43,,unfoldingWord-dev,https://github.com/unfoldingWord-dev/obs-door43,2023-01-28T16:19:08Z
door43-project-pages,CSS,unfoldingWord-dev,https://github.com/unfoldingWord-dev/door43-project-pages,2023-01-28T16:19:08Z
uw-publish,Python,unfoldingWord-dev,https://github.com/unfoldingWord-dev/uw-publish,2023-01-28T16:19:08Z
translationCore-PoC,JavaScript,unfoldingWord-dev,https://github.com/unfoldingWord-dev/translationCore-PoC,2023-01-28T16:19:08Z
nagios_plugins,Shell,unfoldingWord-dev,https://github.com/unfoldingWord-dev/nagios_plugins,2023-01-28T16:19:07Z
uwadmin,JavaScript,unfoldingWord-dev,https://github.com/unfoldingWord-dev/uwadmin,2023-01-28T16:19:07Z
ts-server,Python,unfoldingWord-dev,https://github.com/unfoldingWord-dev/ts-server,2023-01-28T16:19:07Z
translationdb-tools,PHP,unfoldingWord-dev,https://github.com/unfoldingWord-dev/translationdb-tools,2023-01-28T16:19:07Z
translationKeyboardWeb,JavaScript,unfoldingWord-dev,https://github.com/unfoldingWord-dev/translationKeyboardWeb,2023-01-28T16:19:07Z
md-exports,,unfoldingWord-dev,https://github.com/unfoldingWord-dev/md-exports,2023-01-28T16:19:07Z
OBS-Translation-App,Java,unfoldingWord-dev,https://github.com/unfoldingWord-dev/OBS-Translation-App,2023-01-28T16:19:07Z
OBS-iOS,,unfoldingWord-dev,https://github.com/unfoldingWord-dev/OBS-iOS,2023-01-28T16:19:06Z
OBS-Android,,unfoldingWord-dev,https://github.com/unfoldingWord-dev/OBS-Android,2023-01-28T16:19:06Z
OBS-Mobile,JavaScript,unfoldingWord-dev,https://github.com/unfoldingWord-dev/OBS-Mobile,2023-01-28T16:19:06Z
Bootstrap43,JavaScript,unfoldingWord-dev,https://github.com/unfoldingWord-dev/Bootstrap43,2023-01-28T16:19:06Z
Mobile-JWiki,PHP,unfoldingWord-dev,https://github.com/unfoldingWord-dev/Mobile-JWiki,2023-01-28T16:19:06Z
etherpad-lite,JavaScript,unfoldingWord-dev,https://github.com/unfoldingWord-dev/etherpad-lite,2023-01-28T16:19:06Z
TheCompassionateFatherApp,Java,unfoldingWord-dev,https://github.com/unfoldingWord-dev/TheCompassionateFatherApp,2023-01-28T16:19:06Z
ResourceChecker,JavaScript,unfoldingWord-dev,https://github.com/unfoldingWord-dev/ResourceChecker,2023-01-28T14:29:30Z
node-dcs-api-client,TypeScript,unfoldingWord-dev,https://github.com/unfoldingWord-dev/node-dcs-api-client,2023-01-27T20:32:30Z
dokuwiki-slack-invite,PHP,unfoldingWord-dev,https://github.com/unfoldingWord-dev/dokuwiki-slack-invite,2023-01-27T20:30:22Z
Dokuwiki-USFMTag,PHP,unfoldingWord-dev,https://github.com/unfoldingWord-dev/Dokuwiki-USFMTag,2022-07-27T07:42:16Z
gogs_auto_scaling,Shell,unfoldingWord-dev,https://github.com/unfoldingWord-dev/gogs_auto_scaling,2022-05-20T10:45:41Z
proskomma-render-preview,,unfoldingWord-dev,https://github.com/unfoldingWord-dev/proskomma-render-preview,2022-03-22T12:58:28Z
ts-stats,Python,unfoldingWord-dev,https://github.com/unfoldingWord-dev/ts-stats,2021-08-10T11:28:53Z
tx-dev-door43,,unfoldingWord-dev,https://github.com/unfoldingWord-dev/tx-dev-door43,2021-07-12T21:58:43Z
obsidian-uw-rc-link-opener,TypeScript,unfoldingWord-dev,https://github.com/unfoldingWord-dev/obsidian-uw-rc-link-opener,2021-06-08T17:40:39Z
uw-pdf-conversion-tools,Python,unfoldingWord-dev,https://github.com/unfoldingWord-dev/uw-pdf-conversion-tools,2021-06-03T20:21:52Z
dcs-docker,JavaScript,unfoldingWord-dev,https://github.com/unfoldingWord-dev/dcs-docker,2021-05-13T21:16:14Z
dcs-profile-unfoldingword,VBA,unfoldingWord-dev,https://github.com/unfoldingWord-dev/dcs-profile-unfoldingword,2021-05-11T21:28:35Z
dcs-profile-blank,VBA,unfoldingWord-dev,https://github.com/unfoldingWord-dev/dcs-profile-blank,2021-05-11T21:05:08Z
dcs-profile-unfoldingword-mirrored,VBA,unfoldingWord-dev,https://github.com/unfoldingWord-dev/dcs-profile-unfoldingword-mirrored,2021-05-11T20:44:52Z
dcs-migrate-org-repos,,unfoldingWord-dev,https://github.com/unfoldingWord-dev/dcs-migrate-org-repos,2021-05-10T13:39:48Z
dcs-api-resolve-conflicts-poc,Shell,unfoldingWord-dev,https://github.com/unfoldingWord-dev/dcs-api-resolve-conflicts-poc,2020-11-13T22:23:27Z
dcs-api-merge-poc,Shell,unfoldingWord-dev,https://github.com/unfoldingWord-dev/dcs-api-merge-poc,2020-11-09T17:01:06Z
uw-web,JavaScript,unfoldingWord-dev,https://github.com/unfoldingWord-dev/uw-web,2020-09-11T14:39:54Z
HebrewLexicon,JavaScript,unfoldingWord-dev,https://github.com/unfoldingWord-dev/HebrewLexicon,2020-01-03T16:25:13Z
node-door43-client,JavaScript,unfoldingWord-dev,https://github.com/unfoldingWord-dev/node-door43-client,2019-11-06T17:32:34Z
Autographa,JavaScript,unfoldingWord-dev,https://github.com/unfoldingWord-dev/Autographa,2019-10-22T20:35:02Z
checkingRubric_tool,JavaScript,unfoldingWord-dev,https://github.com/unfoldingWord-dev/checkingRubric_tool,2019-10-22T19:40:10Z
toolTemplate,JavaScript,unfoldingWord-dev,https://github.com/unfoldingWord-dev/toolTemplate,2019-10-22T19:38:20Z
comment_box,JavaScript,unfoldingWord-dev,https://github.com/unfoldingWord-dev/comment_box,2019-10-22T19:37:22Z
ScripturePane,JavaScript,unfoldingWord-dev,https://github.com/unfoldingWord-dev/ScripturePane,2019-10-22T19:35:10Z
t_pane,JavaScript,unfoldingWord-dev,https://github.com/unfoldingWord-dev/t_pane,2019-10-22T19:34:26Z
android-http,Java,unfoldingWord-dev,https://github.com/unfoldingWord-dev/android-http,2019-04-26T20:08:03Z
nototools,Python,unfoldingWord-dev,https://github.com/unfoldingWord-dev/nototools,2019-04-16T02:34:59Z
pages,Shell,unfoldingWord-dev,https://github.com/unfoldingWord-dev/pages,2019-02-28T03:39:24Z
tx-usfm2html,Python,unfoldingWord-dev,https://github.com/unfoldingWord-dev/tx-usfm2html,2019-02-19T12:45:43Z
webhook-relay,Python,unfoldingWord-dev,https://github.com/unfoldingWord-dev/webhook-relay,2018-06-06T20:21:12Z
obs-data,Python,unfoldingWord-dev,https://github.com/unfoldingWord-dev/obs-data,2018-03-24T13:00:11Z
PublishingBlockchain,,unfoldingWord-dev,https://github.com/unfoldingWord-dev/PublishingBlockchain,2018-03-11T20:57:04Z
python-aws-tools,Python,unfoldingWord-dev,https://github.com/unfoldingWord-dev/python-aws-tools,2017-08-23T22:31:23Z
tw_consistency,Python,unfoldingWord-dev,https://github.com/unfoldingWord-dev/tw_consistency,2017-06-16T19:00:44Z
python-resource-container,Python,unfoldingWord-dev,https://github.com/unfoldingWord-dev/python-resource-container,2017-05-04T19:55:10Z
slack-lambda,Python,unfoldingWord-dev,https://github.com/unfoldingWord-dev/slack-lambda,2017-03-15T16:22:01Z
node-resource-container,JavaScript,unfoldingWord-dev,https://github.com/unfoldingWord-dev/node-resource-container,2017-03-07T23:45:06Z
android-resource-container,Java,unfoldingWord-dev,https://github.com/unfoldingWord-dev/android-resource-container,2017-03-07T23:44:50Z
android-foreground,Java,unfoldingWord-dev,https://github.com/unfoldingWord-dev/android-foreground,2017-02-10T22:11:12Z
old-tx-manager-lambda,Python,unfoldingWord-dev,https://github.com/unfoldingWord-dev/old-tx-manager-lambda,2017-01-23T14:56:14Z
android-event-buffer,Java,unfoldingWord-dev,https://github.com/unfoldingWord-dev/android-event-buffer,2017-01-05T01:22:50Z
tx-sample-client,Python,unfoldingWord-dev,https://github.com/unfoldingWord-dev/tx-sample-client,2016-12-19T15:14:47Z
tx-md2html,Python,unfoldingWord-dev,https://github.com/unfoldingWord-dev/tx-md2html,2016-12-19T15:03:41Z
tx-html2pdf,JavaScript,unfoldingWord-dev,https://github.com/unfoldingWord-dev/tx-html2pdf,2016-12-19T14:55:26Z
ugnt-app,HTML,unfoldingWord-dev,https://github.com/unfoldingWord-dev/ugnt-app,2016-12-12T16:32:16Z
ts-requirements,Cucumber,unfoldingWord-dev,https://github.com/unfoldingWord-dev/ts-requirements,2016-12-07T22:47:45Z
hubot,CoffeeScript,unfoldingWord-dev,https://github.com/unfoldingWord-dev/hubot,2016-12-01T19:33:07Z
uw_tools,Python,unfoldingWord-dev,https://github.com/unfoldingWord-dev/uw_tools,2016-11-02T15:14:26Z
uw-api,HTML,unfoldingWord-dev,https://github.com/unfoldingWord-dev/uw-api,2016-11-02T15:00:23Z
uW-mobile-app,Java,unfoldingWord-dev,https://github.com/unfoldingWord-dev/uW-mobile-app,2016-09-26T09:51:13Z
dokuwiki-to-rc,Python,unfoldingWord-dev,https://github.com/unfoldingWord-dev/dokuwiki-to-rc,2016-09-24T19:55:06Z
tx-webhook-client,Python,unfoldingWord-dev,https://github.com/unfoldingWord-dev/tx-webhook-client,2016-09-22T16:25:43Z
tx-shared-tools,Python,unfoldingWord-dev,https://github.com/unfoldingWord-dev/tx-shared-tools,2016-09-06T13:14:39Z
android-door43-client,Java,unfoldingWord-dev,https://github.com/unfoldingWord-dev/android-door43-client,2016-08-30T17:57:37Z
uw-publisher,Python,unfoldingWord-dev,https://github.com/unfoldingWord-dev/uw-publisher,2016-08-30T09:37:59Z
obs_tools,Python,unfoldingWord-dev,https://github.com/unfoldingWord-dev/obs_tools,2016-08-29T19:48:09Z
node-door43-rc,JavaScript,unfoldingWord-dev,https://github.com/unfoldingWord-dev/node-door43-rc,2016-08-25T18:39:16Z
translationNotes,,unfoldingWord-dev,https://github.com/unfoldingWord-dev/translationNotes,2016-08-15T16:29:38Z
ExampleCheckingApp-tC,,unfoldingWord-dev,https://github.com/unfoldingWord-dev/ExampleCheckingApp-tC,2016-08-15T16:27:49Z
translationWords-tC,,unfoldingWord-dev,https://github.com/unfoldingWord-dev/translationWords-tC,2016-08-15T16:26:26Z
tx-webhook,Python,unfoldingWord-dev,https://github.com/unfoldingWord-dev/tx-webhook,2016-08-08T20:49:12Z
android-task-manager,Java,unfoldingWord-dev,https://github.com/unfoldingWord-dev/android-task-manager,2016-06-15T00:18:45Z
pi-collab,Shell,unfoldingWord-dev,https://github.com/unfoldingWord-dev/pi-collab,2016-04-22T10:55:48Z
go-gogs-client,Go,unfoldingWord-dev,https://github.com/unfoldingWord-dev/go-gogs-client,2016-04-11T22:10:33Z
dw-gitcommit,PHP,unfoldingWord-dev,https://github.com/unfoldingWord-dev/dw-gitcommit,2016-04-08T13:55:39Z
flask-github-webhook,Python,unfoldingWord-dev,https://github.com/unfoldingWord-dev/flask-github-webhook,2016-04-01T16:14:45Z
android-logger,Java,unfoldingWord-dev,https://github.com/unfoldingWord-dev/android-logger,2016-02-27T02:27:42Z
s3_list-zip,JavaScript,unfoldingWord-dev,https://github.com/unfoldingWord-dev/s3_list-zip,2016-02-19T21:11:59Z
dokuwiki-enhancedindexer,PHP,unfoldingWord-dev,https://github.com/unfoldingWord-dev/dokuwiki-enhancedindexer,2016-01-14T18:53:56Z
pagequery,PHP,unfoldingWord-dev,https://github.com/unfoldingWord-dev/pagequery,2015-12-11T18:59:22Z
uW-Bible-Maps,,unfoldingWord-dev,https://github.com/unfoldingWord-dev/uW-Bible-Maps,2015-11-18T15:24:04Z
tr-requirements,,unfoldingWord-dev,https://github.com/unfoldingWord-dev/tr-requirements,2015-06-24T21:29:18Z
nsmsg,PHP,unfoldingWord-dev,https://github.com/unfoldingWord-dev/nsmsg,2015-06-23T21:40:04Z
ts-exports,,unfoldingWord-dev,https://github.com/unfoldingWord-dev/ts-exports,2015-06-23T21:38:46Z
exports,,unfoldingWord-dev,https://github.com/unfoldingWord-dev/exports,2015-06-23T21:38:19Z
media,,unfoldingWord-dev,https://github.com/unfoldingWord-dev/media,2015-06-23T21:37:51Z
dokuwiki-plugin-translation,PHP,unfoldingWord-dev,https://github.com/unfoldingWord-dev/dokuwiki-plugin-translation,2015-06-23T19:08:59Z
dokuwiki-usfm-import,PHP,unfoldingWord-dev,https://github.com/unfoldingWord-dev/dokuwiki-usfm-import,2015-06-23T19:07:28Z
dokuwiki-plugin-obs,PHP,unfoldingWord-dev,https://github.com/unfoldingWord-dev/dokuwiki-plugin-obs,2015-06-23T18:57:35Z
dokuwiki-plugin-shared,PHP,unfoldingWord-dev,https://github.com/unfoldingWord-dev/dokuwiki-plugin-shared,2015-06-04T20:09:16Z
dokuwiki-obs-comparer,PHP,unfoldingWord-dev,https://github.com/unfoldingWord-dev/dokuwiki-obs-comparer,2015-05-29T18:20:26Z
dw-zipodt,,unfoldingWord-dev,https://github.com/unfoldingWord-dev/dw-zipodt,2015-05-28T21:07:46Z
dokuwiki-plugin-obs-review,PHP,unfoldingWord-dev,https://github.com/unfoldingWord-dev/dokuwiki-plugin-obs-review,2015-04-13T19:33:48Z
obs-comparer,PHP,unfoldingWord-dev,https://github.com/unfoldingWord-dev/obs-comparer,2015-04-11T06:23:30Z
sigadd,Python,unfoldingWord-dev,https://github.com/unfoldingWord-dev/sigadd,2015-04-01T22:00:28Z
dokuwiki-plugin-obs-audio-upload,JavaScript,unfoldingWord-dev,https://github.com/unfoldingWord-dev/dokuwiki-plugin-obs-audio-upload,2015-03-19T19:30:11Z
dokuwiki-plugin-register,PHP,unfoldingWord-dev,https://github.com/unfoldingWord-dev/dokuwiki-plugin-register,2015-03-12T19:17:46Z
obs-reader,HTML,unfoldingWord-dev,https://github.com/unfoldingWord-dev/obs-reader,2015-03-09T22:06:24Z
MultiplatformFrameworks,TypeScript,unfoldingWord-box3,https://github.com/unfoldingWord-box3/MultiplatformFrameworks,2025-12-03T19:52:51Z
wordMAP-mt,TypeScript,unfoldingWord-box3,https://github.com/unfoldingWord-box3/wordMAP-mt,2025-11-03T19:05:31Z
tact,JavaScript,unfoldingWord-box3,https://github.com/unfoldingWord-box3/tact,2025-11-03T19:01:10Z
checking-extension,TypeScript,unfoldingWord-box3,https://github.com/unfoldingWord-box3/checking-extension,2025-10-16T15:12:53Z
translation-helps,JavaScript,unfoldingWord-box3,https://github.com/unfoldingWord-box3/translation-helps,2025-10-02T14:12:21Z
tq-app,TypeScript,unfoldingWord-box3,https://github.com/unfoldingWord-box3/tq-app,2025-07-30T15:49:01Z
desktop-app-template,Shell,unfoldingWord-box3,https://github.com/unfoldingWord-box3/desktop-app-template,2025-07-20T10:57:23Z
suggesting-word-aligner,,unfoldingWord-box3,https://github.com/unfoldingWord-box3/suggesting-word-aligner,2025-06-19T19:45:56Z
passage-recorder-app,TypeScript,unfoldingWord-box3,https://github.com/unfoldingWord-box3/passage-recorder-app,2025-06-11T16:03:07Z
simple-text-editor-rcl,JavaScript,unfoldingWord-box3,https://github.com/unfoldingWord-box3/simple-text-editor-rcl,2025-06-06T21:09:14Z
desktop-app-liminal,JavaScript,unfoldingWord-box3,https://github.com/unfoldingWord-box3/desktop-app-liminal,2025-05-14T14:59:15Z
pankosmia-web,,unfoldingWord-box3,https://github.com/unfoldingWord-box3/pankosmia-web,2025-05-05T03:19:17Z
aquifer-to-dcs,Python,unfoldingWord-box3,https://github.com/unfoldingWord-box3/aquifer-to-dcs,2025-03-29T15:49:03Z
checking-app-theia,TypeScript,unfoldingWord-box3,https://github.com/unfoldingWord-box3/checking-app-theia,2025-03-20T20:08:52Z
SplitAudioByText,Python,unfoldingWord-box3,https://github.com/unfoldingWord-box3/SplitAudioByText,2025-03-06T20:43:12Z
StableTTS_Editing,,unfoldingWord-box3,https://github.com/unfoldingWord-box3/StableTTS_Editing,2025-03-06T14:31:54Z
dcs-vanilla,,unfoldingWord-box3,https://github.com/unfoldingWord-box3/dcs-vanilla,2025-01-25T15:47:15Z
theia-examples,TypeScript,unfoldingWord-box3,https://github.com/unfoldingWord-box3/theia-examples,2025-01-22T21:00:21Z
codex-sb-handler,TypeScript,unfoldingWord-box3,https://github.com/unfoldingWord-box3/codex-sb-handler,2024-12-03T13:57:40Z
uw-proskomma,JavaScript,unfoldingWord-box3,https://github.com/unfoldingWord-box3/uw-proskomma,2024-10-10T15:27:53Z
mini-sb-handler,JavaScript,unfoldingWord-box3,https://github.com/unfoldingWord-box3/mini-sb-handler,2024-09-12T09:53:19Z
Simplify,JavaScript,unfoldingWord-box3,https://github.com/unfoldingWord-box3/Simplify,2024-08-15T20:16:40Z
beta-bibel-demo,JavaScript,unfoldingWord-box3,https://github.com/unfoldingWord-box3/beta-bibel-demo,2024-08-08T16:43:06Z
obs-audio-navigation,JavaScript,unfoldingWord-box3,https://github.com/unfoldingWord-box3/obs-audio-navigation,2024-07-05T11:13:09Z
gl-database-visualizations,JavaScript,unfoldingWord-box3,https://github.com/unfoldingWord-box3/gl-database-visualizations,2024-06-27T04:38:16Z
obs-study,JavaScript,unfoldingWord-box3,https://github.com/unfoldingWord-box3/obs-study,2024-06-20T09:34:41Z
translation-project,,unfoldingWord-box3,https://github.com/unfoldingWord-box3/translation-project,2024-06-10T15:22:27Z
translation-notes-extension,,unfoldingWord-box3,https://github.com/unfoldingWord-box3/translation-notes-extension,2024-06-10T15:18:59Z
twin-ahk,AutoHotkey,unfoldingWord-box3,https://github.com/unfoldingWord-box3/twin-ahk,2024-05-21T01:35:54Z
uw-codex-editor,,unfoldingWord-box3,https://github.com/unfoldingWord-box3/uw-codex-editor,2024-03-28T07:20:52Z
SpeechToText,Python,unfoldingWord-box3,https://github.com/unfoldingWord-box3/SpeechToText,2024-03-13T21:24:03Z
vscode-speech-to-text,,unfoldingWord-box3,https://github.com/unfoldingWord-box3/vscode-speech-to-text,2024-03-07T15:14:34Z
audio-obs-navigator,TypeScript,unfoldingWord-box3,https://github.com/unfoldingWord-box3/audio-obs-navigator,2024-03-05T18:54:24Z
RecordVoice,TypeScript,unfoldingWord-box3,https://github.com/unfoldingWord-box3/RecordVoice,2024-03-05T16:10:13Z
audio-quiz,JavaScript,unfoldingWord-box3,https://github.com/unfoldingWord-box3/audio-quiz,2024-02-28T16:05:13Z
VscUsfmEditAlign,TypeScript,unfoldingWord-box3,https://github.com/unfoldingWord-box3/VscUsfmEditAlign,2024-02-15T14:03:06Z
VscOceUsfmEdit,TypeScript,unfoldingWord-box3,https://github.com/unfoldingWord-box3/VscOceUsfmEdit,2024-02-02T13:45:00Z
word-aligner-extension,JavaScript,unfoldingWord-box3,https://github.com/unfoldingWord-box3/word-aligner-extension,2024-01-08T23:29:10Z
td,HTML,unfoldingWord-box3,https://github.com/unfoldingWord-box3/td,2023-12-05T16:03:25Z
NotionImport,Shell,unfoldingWord-box3,https://github.com/unfoldingWord-box3/NotionImport,2023-10-23T20:12:59Z
tx-redis-poc,Python,unfoldingWord-box3,https://github.com/unfoldingWord-box3/tx-redis-poc,2023-10-12T20:54:09Z
bible-preview-app,JavaScript,unfoldingWord-box3,https://github.com/unfoldingWord-box3/bible-preview-app,2023-08-01T17:31:54Z
SIL_API_loader,Python,unfoldingWord-box3,https://github.com/unfoldingWord-box3/SIL_API_loader,2023-06-29T15:32:27Z
translate-markdown-poc,JavaScript,unfoldingWord-box3,https://github.com/unfoldingWord-box3/translate-markdown-poc,2023-05-20T15:31:34Z
dcs-login,JavaScript,unfoldingWord-box3,https://github.com/unfoldingWord-box3/dcs-login,2023-04-04T15:43:56Z
wordmap-seed-app,CSS,unfoldingWord-box3,https://github.com/unfoldingWord-box3/wordmap-seed-app,2023-02-23T22:52:12Z
react-library-starter,JavaScript,unfoldingWord-box3,https://github.com/unfoldingWord-box3/react-library-starter,2023-02-16T14:47:55Z
alignment-playground,JavaScript,unfoldingWord-box3,https://github.com/unfoldingWord-box3/alignment-playground,2023-01-30T13:00:02Z
electron,,unfoldingWord-box3,https://github.com/unfoldingWord-box3/electron,2023-01-28T00:48:49Z
chamilo2obsidian,Shell,unfoldingWord-box3,https://github.com/unfoldingWord-box3/chamilo2obsidian,2022-12-12T20:50:51Z
viewer-app-cordova,Objective-C,unfoldingWord-box3,https://github.com/unfoldingWord-box3/viewer-app-cordova,2022-11-09T09:01:40Z
populate-gl-quote-rcl,,unfoldingWord-box3,https://github.com/unfoldingWord-box3/populate-gl-quote-rcl,2022-09-23T16:15:55Z
dcs-file-version-diff-tool,JavaScript,unfoldingWord-box3,https://github.com/unfoldingWord-box3/dcs-file-version-diff-tool,2022-08-20T00:16:31Z
wordmap-react-toolkit,TypeScript,unfoldingWord-box3,https://github.com/unfoldingWord-box3/wordmap-react-toolkit,2022-06-17T15:47:04Z
next-js-template,JavaScript,unfoldingWord-box3,https://github.com/unfoldingWord-box3/next-js-template,2022-06-17T15:46:29Z
translation-helps-print-preview,JavaScript,unfoldingWord-box3,https://github.com/unfoldingWord-box3/translation-helps-print-preview,2022-06-17T15:46:05Z
hello-world-react-component-library,JavaScript,unfoldingWord-box3,https://github.com/unfoldingWord-box3/hello-world-react-component-library,2022-06-14T15:18:39Z
resource-container-rcl,JavaScript,unfoldingWord-box3,https://github.com/unfoldingWord-box3/resource-container-rcl,2022-06-14T15:16:49Z
door43-preview-rcl,JavaScript,unfoldingWord-box3,https://github.com/unfoldingWord-box3/door43-preview-rcl,2022-06-14T15:16:13Z
proskomma-scripture-resources-rcl,JavaScript,unfoldingWord-box3,https://github.com/unfoldingWord-box3/proskomma-scripture-resources-rcl,2022-06-14T15:15:43Z
alignment-editor-rcl,TypeScript,unfoldingWord-box3,https://github.com/unfoldingWord-box3/alignment-editor-rcl,2022-06-14T15:15:26Z
hello-dcs-react-component-library,JavaScript,unfoldingWord-box3,https://github.com/unfoldingWord-box3/hello-dcs-react-component-library,2022-06-14T15:15:13Z
org-language-resource-hook,,unfoldingWord-box3,https://github.com/unfoldingWord-box3/org-language-resource-hook,2022-06-14T06:26:30Z
bible-ref-pk-demo,,unfoldingWord-box3,https://github.com/unfoldingWord-box3/bible-ref-pk-demo,2022-04-09T14:05:23Z
gutenberg-project,JavaScript,unfoldingWord-box3,https://github.com/unfoldingWord-box3/gutenberg-project,2022-03-01T21:05:23Z
pdf-splitter,Shell,unfoldingWord-box3,https://github.com/unfoldingWord-box3/pdf-splitter,2022-02-24T13:17:52Z
md-converter-app,JavaScript,unfoldingWord-box3,https://github.com/unfoldingWord-box3/md-converter-app,2021-12-20T19:28:57Z
tc-create-poc,JavaScript,unfoldingWord-box3,https://github.com/unfoldingWord-box3/tc-create-poc,2021-12-03T15:55:03Z
uw-data-tools,Jupyter Notebook,unfoldingWord-box3,https://github.com/unfoldingWord-box3/uw-data-tools,2021-11-30T10:14:38Z
simple-text-editor-app,JavaScript,unfoldingWord-box3,https://github.com/unfoldingWord-box3/simple-text-editor-app,2021-11-29T20:26:55Z
gateway-edit-POC,JavaScript,unfoldingWord-box3,https://github.com/unfoldingWord-box3/gateway-edit-POC,2021-11-22T13:29:05Z
obs-pdf-poc,JavaScript,unfoldingWord-box3,https://github.com/unfoldingWord-box3/obs-pdf-poc,2021-11-03T19:29:18Z
lexicon-poc,Python,unfoldingWord-box3,https://github.com/unfoldingWord-box3/lexicon-poc,2021-10-20T10:56:31Z
anchor-alignment-poc,JavaScript,unfoldingWord-box3,https://github.com/unfoldingWord-box3/anchor-alignment-poc,2021-08-09T17:50:41Z
graphql-catalog-next,JavaScript,unfoldingWord-box3,https://github.com/unfoldingWord-box3/graphql-catalog-next,2021-06-08T15:35:23Z
content-validation-app,JavaScript,unfoldingWord-box3,https://github.com/unfoldingWord-box3/content-validation-app,2021-03-29T11:54:10Z
admin-app,JavaScript,unfoldingWord-box3,https://github.com/unfoldingWord-box3/admin-app,2021-03-12T02:03:10Z
admin-app-old,JavaScript,unfoldingWord-box3,https://github.com/unfoldingWord-box3/admin-app-old,2021-03-10T14:25:09Z
greek-apparatus-app,JavaScript,unfoldingWord-box3,https://github.com/unfoldingWord-box3/greek-apparatus-app,2021-02-11T13:51:27Z
alignment-ml,Jupyter Notebook,unfoldingWord-box3,https://github.com/unfoldingWord-box3/alignment-ml,2021-01-08T22:57:52Z
book-package-viewer-poc,JavaScript,unfoldingWord-box3,https://github.com/unfoldingWord-box3/book-package-viewer-poc,2020-10-21T20:48:29Z
pdf-generator,JavaScript,unfoldingWord-box3,https://github.com/unfoldingWord-box3/pdf-generator,2020-10-09T16:44:02Z
gitea-offline-poc,JavaScript,unfoldingWord-box3,https://github.com/unfoldingWord-box3/gitea-offline-poc,2020-08-12T19:36:13Z
sample-react-component-library,JavaScript,unfoldingWord-box3,https://github.com/unfoldingWord-box3/sample-react-component-library,2020-07-28T16:44:37Z
scripture-as-graph,JavaScript,unfoldingWord-box3,https://github.com/unfoldingWord-box3/scripture-as-graph,2020-07-22T12:31:12Z
lang-as-graph,JavaScript,unfoldingWord-box3,https://github.com/unfoldingWord-box3/lang-as-graph,2020-07-21T13:00:12Z
uw-metadata-react-component-library,JavaScript,unfoldingWord-box3,https://github.com/unfoldingWord-box3/uw-metadata-react-component-library,2020-05-07T19:30:12Z
react-to-electron-action,JavaScript,unfoldingWord-box3,https://github.com/unfoldingWord-box3/react-to-electron-action,2020-05-06T12:37:30Z
translation-manager-poc,JavaScript,unfoldingWord-box3,https://github.com/unfoldingWord-box3/translation-manager-poc,2020-01-28T22:33:45Z
td-neo4j-poc,,unfoldingWord-box3,https://github.com/unfoldingWord-box3/td-neo4j-poc,2019-04-25T18:44:29Z
tsv-editor,JavaScript,unfoldingWord-box3,https://github.com/unfoldingWord-box3/tsv-editor,2019-04-10T00:14:01Z
translation-process,JavaScript,unfoldingWord-box3,https://github.com/unfoldingWord-box3/translation-process,2019-03-22T14:32:18Z
